|rating|qtd_rating|df_dict|ticker
0|4.7 / 5|27|{'Year': {0: '06/2019', 1: '06/2020', 2: '06/2021'}, 'Equity': {0: 5.4, 1: 5.752, 2: 5.67}, 'Revenue': {0: 14.11, 1: 14.59, 2: 15.005}, 'EBITDA': {0: 3.545, 1: 3.77, 2: 3.932}, 'Fin. Res.': {0: -32, 1: -23, 2: -23}, 'Net Inc.': {0: 2.293, 1: 2.467, 2: 2.599}, 'Net Mar.': {0: '16%', 1: '17%', 2: '17%'}, 'ROE': {0: '45%', 1: '44%', 2: '45%'}, 'Cash': {0: 1.96, 1: 1.909, 2: 2.575}, 'Debt': {0: 2.264, 1: 2.363, 2: 3.352}, 'N.D. / EBITDA': {0: 1, 1: 1, 2: 2}, 'OCF': {0: 2.688, 1: 3.026, 2: 3.093}, 'CAPEX': {0: -566, 1: -616, 2: -506}, 'FCF': {0: -208.0, 1: -5.891, 2: 6.438}, 'Free': {0: 2.122, 1: 2.41, 2: 2.587}, 'Div.': {0: 1.293, 1: 1.471, 2: 1.576}, 'Payout': {0: '56%', 1: '60%', 2: '61%'}}|ADP
1|4.2 / 5|30|{'Year': {0: '01/2019', 1: '01/2020', 2: '01/2021'}, 'Equity': {0: 15.605, 1: 33.885, 2: 41.493}, 'Revenue': {0: 13.282, 1: 17.098, 2: 21.252}, 'EBITDA': {0: 1.517, 1: 2.598, 2: 3.301}, 'Fin. Res.': {0: 0, 1: 0, 2: 0}, 'Net Inc.': {0: 1.11, 1: 126.0, 2: 4.072}, 'Net Mar.': {0: '8%', 1: '0,7%', 2: '19%'}, 'ROE': {0: '9%', 1: '0,5%', 2: '11%'}, 'Cash': {0: 4.342, 1: 7.947, 2: 11.966}, 'Debt': {0: 3.173, 1: 5.868, 2: 6.281}, 'N.D. / EBITDA': {0: 0, 1: 0, 2: 0}, 'OCF': {0: 3.398, 1: 4.331, 2: 4.801}, 'CAPEX': {0: -595, 1: -643, 2: -710}, 'FCF': {0: 2.01, 1: 164.0, 2: 1.194}, 'Free': {0: 2.803, 1: 3.688, 2: 4.091}, 'Div.': {0: 0, 1: 0, 2: 0}}|CRM
2|4.4 / 5|55|{'Year': {0: '12/2018', 1: '12/2019', 2: '12/2020'}, 'Equity': {0: 16.981, 1: 18.981, 2: 19.299}, 'Revenue': {0: 34.3, 1: 37.266, 2: 33.014}, 'EBITDA': {0: 10.261, 1: 13.097, 2: 12.722}, 'Fin. Res.': {0: -261.0, 1: -383.0, 2: -1.067}, 'Net Inc.': {0: 6.434, 1: 8.92, 2: 7.747}, 'Net Mar.': {0: '19%', 1: '24%', 2: '23%'}, 'ROE': {0: '38%', 1: '50%', 2: '40%'}, 'Cash': {0: 16.115, 1: 11.175, 2: 10.914}, 'Debt': {0: 44.214, 1: 42.763, 2: 42.793}, 'N.D. / EBITDA': {0: 27, 1: 24, 2: 25}, 'OCF': {0: 7.627, 1: 10.471, 2: 9.844}, 'CAPEX': {0: -1.548, 1: -2.054, 2: -1.177}, 'FCF': {0: -10.347, 1: -9.004, 2: -8.07}, 'Free': {0: 6.079, 1: 8.417, 2: 8.667}, 'Div.': {0: 6.644, 1: 6.845, 2: 7.047}, 'Payout': {0: '103%', 1: '77%', 2: '91%'}}|KO
3|4.5 / 5|53|{'Year': {0: '07/2019', 1: '07/2020', 2: '07/2021'}, 'Equity': {0: 33.571, 1: 37.92, 2: 41.275}, 'Revenue': {0: 51.904, 1: 49.301, 2: 49.818}, 'EBITDA': {0: 17.327, 1: 16.363, 2: 15.558}, 'Fin. Res.': {0: 449, 1: 335, 2: 184}, 'Net Inc.': {0: 11.621, 1: 11.214, 2: 10.591}, 'Net Mar.': {0: '22%', 1: '23%', 2: '21%'}, 'ROE': {0: '30%', 1: '31%', 2: '27%'}, 'Cash': {0: 33.413, 1: 29.419, 2: 24.518}, 'Debt': {0: 24.666, 1: 14.583, 2: 11.526}, 'N.D. / EBITDA': {0: 0, 1: 0, 2: 0}, 'OCF': {0: 15.831, 1: 15.426, 2: 15.454}, 'CAPEX': {0: -909, 1: -770, 2: -692}, 'FCF': {0: -27.889, 1: -18.886, 2: -12.039}, 'Free': {0: 14.922, 1: 14.656, 2: 14.762}, 'Div.': {0: 5.979, 1: 6.016, 2: 6.163}, 'Payout': {0: '51%', 1: '54%', 2: '58%'}}|CSCO
4|4.7 / 5|39|{'Year': {0: '12/2018', 1: '12/2019', 2: '12/2020'}, 'Equity': {0: 32.374, 1: 33.547, 2: 35.283}, 'Revenue': {0: 14.198, 1: 14.539, 2: 16.205}, 'EBITDA': {0: 5.782, 1: 6.286, 2: 7.087}, 'Fin. Res.': {0: -80, 1: -106, 2: -143}, 'Net Inc.': {0: 4.305, 1: 4.476, 2: 4.932}, 'Net Mar.': {0: '30%', 1: '31%', 2: '30%'}, 'ROE': {0: '13%', 1: '14%', 2: '14%'}, 'Cash': {0: 6.488, 1: 4.829, 2: 8.664}, 'Debt': {0: 4.979, 1: 4.955, 2: 7.264}, 'N.D. / EBITDA': {0: 0, 1: 0, 2: 0}, 'OCF': {0: 3.075, 1: 2.884, 2: 3.743}, 'CAPEX': {0: -204, 1: -254, 2: -194}, 'FCF': {0: -2.765, 1: -2.583, 2: 244.0}, 'Free': {0: 2.871, 1: 2.63, 2: 3.549}, 'Div.': {0: 1.968, 1: 2.096, 2: 2.26}, 'Payout': {0: '46%', 1: '47%', 2: '46%'}}|BLK
5|4.8 / 5|87|{'Year': {0: '12/2018', 1: '12/2019', 2: '12/2020'}, 'Equity': {0: 54.317, 1: 53.826, 2: 65.31}, 'Revenue': {0: 33.739, 1: 35.69, 2: 47.67}, 'EBITDA': {0: 22.675, 1: 22.682, 2: 32.696}, 'Fin. Res.': {0: 381, 1: 432, 2: 247}, 'Net Inc.': {0: 11.876, 1: 11.806, 2: 18.18}, 'Net Mar.': {0: '35%', 1: '33%', 2: '38%'}, 'ROE': {0: '23%', 1: '22%', 2: '30%'}, 'Cash': {0: 23.349, 1: 19.829, 2: 28.553}, 'Debt': {0: 5.906, 1: 6.353, 2: 13.092}, 'N.D. / EBITDA': {0: 0, 1: 0, 2: 0}, 'OCF': {0: 18.776, 1: 20.518, 2: 29.283}, 'CAPEX': {0: -10.556, 1: -15.669, 2: -18.562}, 'FCF': {0: -8.019, 1: -8.994, 2: -3.154}, 'Free': {0: 8.22, 1: 4.849, 2: 10.721}, 'Div.': {0: 6.786, 1: 8.649, 2: 9.23}, 'Payout': {0: '57%', 1: '73%', 2: '51%'}}|TSM
6|4.7 / 5|70|{'Year': {0: '05/2019', 1: '05/2020', 2: '05/2021'}, 'Equity': {0: 9.04, 1: 8.055, 2: 12.767}, 'Revenue': {0: 39.117, 1: 37.403, 2: 44.538}, 'EBITDA': {0: 5.492, 1: 4.234, 2: 7.734}, 'Fin. Res.': {0: -49, 1: -89, 2: -262}, 'Net Inc.': {0: 4.029, 1: 2.539, 2: 5.727}, 'Net Mar.': {0: '10%', 1: '7%', 2: '13%'}, 'ROE': {0: '43%', 1: '30%', 2: '55%'}, 'Cash': {0: 4.663, 1: 8.787, 2: 13.476}, 'Debt': {0: 3.479, 1: 13.015, 2: 3.4}, 'N.D. / EBITDA': {0: 0, 1: 10, 2: 0}, 'OCF': {0: 5.903, 1: 2.485, 2: 6.657}, 'CAPEX': {0: -1.119, 1: -1.086, 2: -695.0}, 'FCF': {0: -5.293, 1: 2.491, 2: -1.459}, 'Free': {0: 4.784, 1: 1.399, 2: 5.962}, 'Div.': {0: 1.332, 1: 1.452, 2: 1.638}, 'Payout': {0: '33%', 1: '57%', 2: '29%'}}|NKE
7|4.1 / 5|15|{'Year': {0: '12/2018', 1: '12/2019', 2: '12/2020'}, 'Equity': {0: 628, 1: 479, 2: 509}, 'Revenue': {0: 6.258, 1: 6.699, 2: 7.442}, 'EBITDA': {0: 3.021, 1: 3.275, 2: 3.575}, 'Fin. Res.': {0: -134, 1: -141, 2: -141}, 'Net Inc.': {0: 1.958, 1: 2.123, 2: 2.339}, 'Net Mar.': {0: '31%', 1: '32%', 2: '31%'}, 'ROE': {0: '293%', 1: '384%', 2: '473%'}, 'Cash': {0: 1.935, 1: 2.894, 2: 4.117}, 'Debt': {0: 3.662, 1: 4.68, 2: 4.754}, 'N.D. / EBITDA': {0: 6, 1: 5, 2: 2}, 'OCF': {0: 2.064, 1: 2.776, 2: 3.567}, 'CAPEX': {0: -113, 1: -115, 2: -76}, 'FCF': {0: -2.288, 1: -1.751, 2: -2.166}, 'Free': {0: 1.951, 1: 2.661, 2: 3.491}, 'Div.': {0: 503, 1: 560, 2: 645}, 'Payout': {0: '26%', 1: '26%', 2: '28%'}}|SPGI
8|4.3 / 5|32|{'Year': {0: '12/2018', 1: '12/2019', 2: '12/2020'}, 'Equity': {0: 14.518, 1: 14.786, 2: 13.454}, 'Revenue': {0: 64.661, 1: 67.161, 2: 70.372}, 'EBITDA': {0: 12.807, 1: 12.679, 2: 12.745}, 'Fin. Res.': {0: -1.219, 1: -935.0, 2: -1.128}, 'Net Inc.': {0: 12.515, 1: 7.314, 2: 7.12}, 'Net Mar.': {0: '19%', 1: '11%', 2: '10%'}, 'ROE': {0: '99%', 1: '50%', 2: '50%'}, 'Cash': {0: 8.993, 1: 5.738, 2: 9.551}, 'Debt': {0: 32.321, 1: 32.51, 2: 44.61}, 'N.D. / EBITDA': {0: 18, 1: 21, 2: 28}, 'OCF': {0: 9.415, 1: 9.649, 2: 10.613}, 'CAPEX': {0: -3.282, 1: -4.232, 2: -4.24}, 'FCF': {0: -13.769, 1: -8.489, 2: 3.819}, 'Free': {0: 6.133, 1: 5.417, 2: 6.373}, 'Div.': {0: 4.93, 1: 5.304, 2: 5.509}, 'Payout': {0: '39%', 1: '73%', 2: '77%'}}|PEP
9|3.7 / 5|140|{'Year': {0: '12/2018', 1: '12/2019', 2: '12/2020'}, 'Equity': {0: 4.923, 1: 6.618, 2: 22.225}, 'Revenue': {0: 21.461, 1: 24.578, 2: 31.536}, 'EBITDA': {0: 1.559, 1: 2.174, 2: 4.224}, 'Fin. Res.': {0: -639, 1: -641, 2: -718}, 'Net Inc.': {0: -976, 1: -870, 2: 690}, 'Net Mar.': {0: 'L', 1: 'L', 2: '2%'}, 'ROE': {0: 'L', 1: 'L', 2: '5%'}, 'Cash': {0: 3.686, 1: 6.268, 2: 19.384}, 'Debt': {0: 13.828, 1: 14.603, 2: 13.279}, 'N.D. / EBITDA': {0: 65, 1: 38, 2: 0}, 'OCF': {0: 2.098, 1: 2.405, 2: 5.943}, 'CAPEX': {0: -2.319, 1: -1.437, 2: -3.242}, 'FCF': {0: 574.0, 1: 1.529, 2: 9.973}, 'Free': {0: -221.0, 1: 968.0, 2: 2.701}, 'Div.': {0: 0, 1: 0, 2: 0}}|TSLA
10|4.7 / 5|35|{'Year': {0: '12/2018', 1: '12/2019', 2: '12/2020'}, 'Equity': {0: 2.185, 1: 2.708, 2: 3.769}, 'Revenue': {0: 5.825, 1: 6.26, 2: 6.675}, 'EBITDA': {0: 2.204, 1: 2.436, 2: 2.668}, 'Fin. Res.': {0: -175, 1: -186, 2: -219}, 'Net Inc.': {0: 1.428, 1: 1.5, 2: 1.638}, 'Net Mar.': {0: '25%', 1: '24%', 2: '25%'}, 'ROE': {0: '72%', 1: '61%', 2: '51%'}, 'Cash': {0: 1.696, 1: 1.932, 2: 3.602}, 'Debt': {0: 6.452, 1: 6.611, 2: 7.362}, 'N.D. / EBITDA': {0: 22, 1: 19, 2: 14}, 'OCF': {0: 1.79, 1: 1.795, 2: 2.126}, 'CAPEX': {0: -338, 1: -460, 2: -453}, 'FCF': {0: 533, 1: -951, 2: 123}, 'Free': {0: 1.452, 1: 1.335, 2: 1.673}, 'Div.': {0: 243, 1: 314, 2: 380}, 'Payout': {0: '17%', 1: '21%', 2: '23%'}}|ZTS
11|4.9 / 5|141|{'Year': {0: '12/2018', 1: '12/2019', 2: '12/2020'}, 'Equity': {0: 177.628, 1: 201.442, 2: 222.544}, 'Revenue': {0: 136.819, 1: 161.857, 2: 182.527}, 'EBITDA': {0: 44.062, 1: 51.506, 2: 61.914}, 'Fin. Res.': {0: 1.764, 1: 2.327, 2: 1.73}, 'Net Inc.': {0: 30.736, 1: 34.343, 2: 40.269}, 'Net Mar.': {0: '22%', 1: '21%', 2: '22%'}, 'ROE': {0: '19%', 1: '18%', 2: '19%'}, 'Cash': {0: 109.14, 1: 119.675, 2: 136.694}, 'Debt': {0: 4.012, 1: 15.967, 2: 26.772}, 'N.D. / EBITDA': {0: 0, 1: 0, 2: 0}, 'OCF': {0: 47.971, 1: 54.52, 2: 65.124}, 'CAPEX': {0: -25.139, 1: -23.548, 2: -22.281}, 'FCF': {0: -13.179, 1: -23.209, 2: -24.408}, 'Free': {0: 22.832, 1: 30.972, 2: 42.843}, 'Div.': {0: 0, 1: 0, 2: 0}}|GOOG
12|5 / 5|172|{'Year': {0: '06/2019', 1: '06/2020', 2: '06/2021'}, 'Equity': {0: 102.33, 1: 118.304, 2: 141.988}, 'Revenue': {0: 125.843, 1: 143.015, 2: 168.088}, 'EBITDA': {0: 58.056, 1: 68.423, 2: 85.134}, 'Fin. Res.': {0: 76, 1: 89, 2: -215}, 'Net Inc.': {0: 39.24, 1: 44.281, 2: 61.271}, 'Net Mar.': {0: '31%', 1: '31%', 2: '36%'}, 'ROE': {0: '42%', 1: '40%', 2: '47%'}, 'Cash': {0: 133.819, 1: 136.527, 2: 130.334}, 'Debt': {0: 78.366, 1: 70.998, 2: 67.775}, 'N.D. / EBITDA': {0: 0, 1: 0, 2: 0}, 'OCF': {0: 52.185, 1: 60.675, 2: 76.74}, 'CAPEX': {0: -13.925, 1: -15.441, 2: -20.622}, 'FCF': {0: -36.887, 1: -46.031, 2: -48.486}, 'Free': {0: 38.26, 1: 45.234, 2: 56.118}, 'Div.': {0: 13.811, 1: 15.137, 2: 16.521}, 'Payout': {0: '35%', 1: '34%', 2: '27%'}}|MSFT
13|4.6 / 5|84|{'Year': {0: '12/2018', 1: '12/2019', 2: '12/2020'}, 'Equity': {0: 84.127, 1: 101.054, 2: 128.29}, 'Revenue': {0: 55.838, 1: 70.697, 2: 85.965}, 'EBITDA': {0: 29.228, 1: 29.727, 2: 39.533}, 'Fin. Res.': {0: 652, 1: 904, 2: 672}, 'Net Inc.': {0: 22.112, 1: 18.485, 2: 29.146}, 'Net Mar.': {0: '40%', 1: '26%', 2: '34%'}, 'ROE': {0: '28%', 1: '20%', 2: '25%'}, 'Cash': {0: 41.114, 1: 54.855, 2: 61.954}, 'Debt': {0: 500.0, 1: 10.324, 2: 10.654}, 'N.D. / EBITDA': {0: 0, 1: 0, 2: 0}, 'OCF': {0: 29.274, 1: 36.314, 2: 38.747}, 'CAPEX': {0: -13.915, 1: -15.102, 2: -15.115}, 'FCF': {0: -15.572, 1: -7.299, 2: -10.292}, 'Free': {0: 15.359, 1: 21.212, 2: 23.632}, 'Div.': {0: 0, 1: 0, 2: 0}}|FB
14|5 / 5|166|{'Year': {0: '09/2019', 1: '09/2020', 2: '09/2021'}, 'Equity': {0: 90.488, 1: 65.339, 2: 63.09}, 'Revenue': {0: 260.174, 1: 274.515, 2: 365.817}, 'EBITDA': {0: 81.86, 1: 81.02, 2: 123.136}, 'Fin. Res.': {0: 1.385, 1: 890.0, 2: 198.0}, 'Net Inc.': {0: 55.256, 1: 57.411, 2: 94.68}, 'Net Mar.': {0: '21%', 1: '21%', 2: '26%'}, 'ROE': {0: '56%', 1: '74%', 2: '147%'}, 'Cash': {0: 100.557, 1: 90.943, 2: 62.639}, 'Debt': {0: 108.047, 1: 112.436, 2: 124.719}, 'N.D. / EBITDA': {0: 1, 1: 3, 2: 5}, 'OCF': {0: 69.391, 1: 80.674, 2: 104.038}, 'CAPEX': {0: -10.495, 1: -7.309, 2: -11.085}, 'FCF': {0: -90.976, 1: -86.82, 2: -93.353}, 'Free': {0: 58.896, 1: 73.365, 2: 92.953}, 'Div.': {0: 14.119, 1: 14.081, 2: 14.467}, 'Payout': {0: '26%', 1: '25%', 2: '15%'}}|AAPL
15|4.8 / 5|99|{'Year': {0: '12/2018', 1: '12/2019', 2: '12/2020'}, 'Equity': {0: 43.549, 1: 62.06, 2: 93.404}, 'Revenue': {0: 232.887, 1: 280.522, 2: 386.064}, 'EBITDA': {0: 28.019, 1: 37.365, 2: 51.076}, 'Fin. Res.': {0: -977.0, 1: -768.0, 2: -1.092}, 'Net Inc.': {0: 10.073, 1: 11.588, 2: 21.331}, 'Net Mar.': {0: '4%', 1: '4%', 2: '6%'}, 'ROE': {0: '28%', 1: '22%', 2: '27%'}, 'Cash': {0: 41.25, 1: 55.021, 2: 84.396}, 'Debt': {0: 33.145, 1: 63.205, 2: 84.389}, 'N.D. / EBITDA': {0: 0, 1: 2, 2: 0}, 'OCF': {0: 30.723, 1: 38.514, 2: 66.064}, 'CAPEX': {0: -13.427, 1: -16.861, 2: -40.14}, 'FCF': {0: -7.686, 1: -10.066, 2: -1.104}, 'Free': {0: 17.296, 1: 21.653, 2: 25.924}, 'Div.': {0: 0, 1: 0, 2: 0}}|AMZN
16|4.6 / 5|87|{'Year': {0: '09/2019', 1: '09/2020', 2: '09/2021'}, 'Equity': {0: 88.877, 1: 83.583, 2: 88.553}, 'Revenue': {0: 69.607, 1: 65.388, 2: 67.418}, 'EBITDA': {0: 19.068, 1: 5.249, 2: 9.218}, 'Fin. Res.': {0: -978.0, 1: -1.491, 2: -1.406}, 'Net Inc.': {0: 11.054, 1: -2.864, 2: 1.995}, 'Net Mar.': {0: '16%', 1: 'L', 2: '3%'}, 'ROE': {0: '16%', 1: 'L', 2: '2%'}, 'Cash': {0: 5.418, 1: 17.914, 2: 15.959}, 'Debt': {0: 46.986, 1: 61.539, 2: 57.635}, 'N.D. / EBITDA': {0: 22, 1: 83, 2: 45}, 'OCF': {0: 6.606, 1: 7.618, 2: 5.567}, 'CAPEX': {0: -4.876, 1: -4.022, 2: -3.578}, 'FCF': {0: -1.09, 1: 8.48, 2: -4.385}, 'Free': {0: 1.73, 1: 3.596, 2: 1.989}, 'Div.': {0: 2.895, 1: 1.587, 2: 0.0}, 'Payout': {0: '26%', 1: 'L', 2: '0%'}}|DIS
17|4.7 / 5|78|{'Year': {0: '01/2019', 1: '01/2020', 2: '01/2021'}, 'Equity': {0: 9.342, 1: 12.204, 2: 16.893}, 'Revenue': {0: 11.716, 1: 10.918, 2: 16.675}, 'EBITDA': {0: 4.216, 1: 3.403, 2: 5.691}, 'Fin. Res.': {0: 78, 1: 126, 2: -127}, 'Net Inc.': {0: 4.141, 1: 2.796, 2: 4.332}, 'Net Mar.': {0: '35%', 1: '26%', 2: '26%'}, 'ROE': {0: '49%', 1: '26%', 2: '30%'}, 'Cash': {0: 7.422, 1: 10.897, 2: 11.561}, 'Debt': {0: 1.988, 1: 2.643, 2: 7.718}, 'N.D. / EBITDA': {0: 0, 1: 0, 2: 0}, 'OCF': {0: 3.743, 1: 4.761, 2: 5.822}, 'CAPEX': {0: -600.0, 1: -489.0, 2: -1.128}, 'FCF': {0: -2.866, 1: -792.0, 2: 3.804}, 'Free': {0: 3.143, 1: 4.272, 2: 4.694}, 'Div.': {0: 371, 1: 390, 2: 395}, 'Payout': {0: '9%', 1: '14%', 2: '9%'}}|NVDA
18|4.9 / 5|74|{'Year': {0: '11/2018', 1: '11/2019', 2: '11/2020'}, 'Equity': {0: 9.362, 1: 10.53, 2: 13.264}, 'Revenue': {0: 9.03, 1: 11.171, 2: 12.868}, 'EBITDA': {0: 3.229, 1: 4.119, 2: 5.049}, 'Fin. Res.': {0: 4, 1: -89, 2: -73}, 'Net Inc.': {0: 2.591, 1: 2.951, 2: 5.26}, 'Net Mar.': {0: '29%', 1: '26%', 2: '41%'}, 'ROE': {0: '29%', 1: '30%', 2: '44%'}, 'Cash': {0: 3.229, 1: 4.177, 2: 5.992}, 'Debt': {0: 4.125, 1: 4.138, 2: 4.708}, 'N.D. / EBITDA': {0: 3, 1: 0, 2: 0}, 'OCF': {0: 4.029, 1: 4.422, 2: 5.727}, 'CAPEX': {0: -267, 1: -395, 2: -419}, 'FCF': {0: -5.0, 1: -2.946, 2: -3.488}, 'Free': {0: 3.762, 1: 4.027, 2: 5.308}, 'Div.': {0: 0, 1: 0, 2: 0}}|ADBE
19|4.8 / 5|105|{'Year': {0: '12/2018', 1: '12/2019', 2: '12/2020'}, 'Equity': {0: 59.752, 1: 59.471, 2: 63.278}, 'Revenue': {0: 81.581, 1: 82.059, 2: 82.584}, 'EBITDA': {0: 25.933, 1: 24.655, 2: 23.929}, 'Fin. Res.': {0: -394, 1: 39, 2: -90}, 'Net Inc.': {0: 15.297, 1: 15.119, 2: 14.714}, 'Net Mar.': {0: '19%', 1: '18%', 2: '18%'}, 'ROE': {0: '26%', 1: '25%', 2: '24%'}, 'Cash': {0: 19.687, 1: 19.287, 2: 25.185}, 'Debt': {0: 30.48, 1: 27.696, 2: 35.266}, 'N.D. / EBITDA': {0: 4, 1: 3, 2: 4}, 'OCF': {0: 22.201, 1: 23.416, 2: 23.536}, 'CAPEX': {0: -3.67, 1: -3.498, 2: -3.347}, 'FCF': {0: -18.51, 1: -18.015, 2: -6.12}, 'Free': {0: 18.531, 1: 19.918, 2: 20.189}, 'Div.': {0: 9.494, 1: 9.917, 2: 10.481}, 'Payout': {0: '62%', 1: '66%', 2: '71%'}}|JNJ
20|3.5 / 5|15|{'Year': {0: '12/2018', 1: '12/2019', 2: '12/2020'}, 'Equity': {0: 2.091, 1: 3.016, 2: 6.401}, 'Revenue': {0: 1.073, 1: 1.578, 2: 2.929}, 'EBITDA': {0: -65, 1: -60, 2: 320}, 'Fin. Res.': {0: 29, 1: 48, 2: 14}, 'Net Inc.': {0: -65, 1: -125, 2: 320}, 'Net Mar.': {0: 'L', 1: 'L', 2: '11%'}, 'ROE': {0: 'L', 1: 'L', 2: '7%'}, 'Cash': {0: 1.97, 1: 2.455, 2: 6.388}, 'Debt': {0: 25, 1: 152, 2: 913}, 'N.D. / EBITDA': {0: 'L', 1: 'L', 2: '00'}, 'OCF': {0: 9, 1: 71, 2: 425}, 'CAPEX': {0: -42, 1: -62, 2: -42}, 'FCF': {0: 1.072, 1: 736.0, 2: 3.557}, 'Free': {0: -32, 1: 8, 2: 383}, 'Div.': {0: 0, 1: 0, 2: 0}}|SHOP
21|2.7 / 5|6|{'Year': {0: '12/2018', 1: '12/2019', 2: '12/2020'}, 'Equity': {0: 54, 1: 149, 2: 345}, 'Revenue': {0: 76, 1: 107, 2: 190}, 'EBITDA': {0: -34, 1: -31, 2: -7}, 'Fin. Res.': {0: 0, 1: 1, 2: -3}, 'Net Inc.': {0: -36, 1: -34, 2: -15}, 'Net Mar.': {0: 'L', 1: 'L', 2: 'L'}, 'ROE': {0: 'L', 1: 'L', 2: 'L'}, 'Cash': {0: 56, 1: 128, 2: 487}, 'Debt': {0: 3, 1: 3, 2: 372}, 'N.D. / EBITDA': {0: 'L', 1: 'L', 2: 'L'}, 'OCF': {0: -52, 1: -14, 2: 17}, 'CAPEX': {0: -2, 1: -2, 2: -4}, 'FCF': {0: 54, 1: 118, 2: 552}, 'Free': {0: -53, 1: -16, 2: 13}, 'Div.': {0: 0, 1: 0, 2: 0}}|FVRR
22|4.3 / 5|26|{'Year': {0: '12/2018', 1: '12/2019', 2: '12/2020'}, 'Equity': {0: 401, 1: 407, 2: 742}, 'Revenue': {0: 604.0, 1: 818.0, 2: 1.726}, 'EBITDA': {0: 104, 1: 153, 2: 466}, 'Fin. Res.': {0: -13, 1: -11, 2: -35}, 'Net Inc.': {0: 77, 1: 96, 2: 349}, 'Net Mar.': {0: '13%', 1: '12%', 2: '20%'}, 'ROE': {0: '19%', 1: '24%', 2: '64%'}, 'Cash': {0: 624.0, 1: 817.0, 2: 1.669}, 'Debt': {0: 342.0, 1: 847.0, 2: 1.116}, 'N.D. / EBITDA': {0: 0, 1: 2, 2: 0}, 'OCF': {0: 199, 1: 207, 2: 679}, 'CAPEX': {0: -56, 1: -17, 2: -8}, 'FCF': {0: 144, 1: 360, 2: 119}, 'Free': {0: 143, 1: 190, 2: 671}, 'Div.': {0: 0, 1: 0, 2: 0}}|ETSY
23|2.5 / 5|26|{'Year': {0: '12/2018', 1: '12/2019', 2: '12/2020'}, 'Equity': {0: -517.0, 1: -808.0, 2: 2.902}, 'Revenue': {0: 3.652, 1: 4.805, 2: 3.378}, 'EBITDA': {0: 156.0, 1: -288.0, 2: -4.384}, 'Fin. Res.': {0: 41, 1: 76, 2: -145}, 'Net Inc.': {0: -17.0, 1: -674.0, 2: -4.585}, 'Net Mar.': {0: 'L', 1: 'L', 2: 'L'}, 'ROE': {0: 'L', 1: 'L', 2: 'L'}, 'Cash': {0: 3.329, 1: 3.074, 2: 6.391}, 'Debt': {0: 0.0, 1: 419.0, 2: 2.33}, 'N.D. / EBITDA': {0: '00', 1: 'L', 2: 'L'}, 'OCF': {0: 596, 1: 223, 2: -630}, 'CAPEX': {0: -91, 1: -125, 2: -37}, 'FCF': {0: 141.0, 1: 855.0, 2: 2.941}, 'Free': {0: 505, 1: 97, 2: -667}, 'Div.': {0: 0, 1: 0, 2: 0}}|ABNB
24|2.7 / 5|13|{'Year': {0: '12/2018', 1: '12/2019', 2: '12/2020'}, 'Equity': {0: 1.013, 1: 1.014, 2: 15.884}, 'Revenue': {0: 418.0, 1: 553.0, 2: 1.094}, 'EBITDA': {0: -35, 1: -35, 2: -437}, 'Fin. Res.': {0: -26, 1: -29, 2: -60}, 'Net Inc.': {0: -97, 1: -99, 2: -485}, 'Net Mar.': {0: 'L', 1: 'L', 2: 'L'}, 'ROE': {0: 'L', 1: 'L', 2: 'L'}, 'Cash': {0: 479, 1: 517, 2: 787}, 'Debt': {0: 415.0, 1: 470.0, 2: 1.477}, 'N.D. / EBITDA': {0: 'L', 1: 'L', 2: 'L'}, 'OCF': {0: -5, 1: 30, 2: -54}, 'CAPEX': {0: -8, 1: -11, 2: -26}, 'FCF': {0: 646, 1: 35, 2: 859}, 'Free': {0: -13, 1: 19, 2: -80}, 'Div.': {0: 0, 1: 0, 2: 0}}|TDOC
25|1 / 5|1|{'Year': {0: '12/2018', 1: '12/2019', 2: '12/2020'}, 'Equity': {0: -232.0, 1: -307.0, 2: 1.224}, 'Revenue': {0: 114, 1: 149, 2: 245}, 'EBITDA': {0: -50, 1: -87, 2: -217}, 'Fin. Res.': {0: 3, 1: 6, 2: 2}, 'Net Inc.': {0: -53, 1: -87, 2: -224}, 'Net Mar.': {0: 'L', 1: 'L', 2: 'L'}, 'ROE': {0: 'L', 1: 'L', 2: 'L'}, 'Cash': {0: 256.0, 1: 178.0, 2: 1.042}, 'Debt': {0: 0, 1: 13, 2: 8}, 'N.D. / EBITDA': {0: 'L', 1: 'L', 2: 'L'}, 'OCF': {0: -74, 1: -82, 2: -112}, 'CAPEX': {0: -2, 1: -1, 2: -3}, 'FCF': {0: 278, 1: 47, 2: 983}, 'Free': {0: -76, 1: -83, 2: -116}, 'Div.': {0: 0, 1: 0, 2: 0}}|AMWL
26|2.4 / 5|16|{'Year': {0: '12/2018', 1: '12/2019', 2: '12/2020'}, 'Equity': {0: -1.751, 1: -1.981, 2: 1.523}, 'Revenue': {0: 595.0, 1: 743.0, 2: 1.093}, 'EBITDA': {0: -554.0, 1: -552.0, 2: -1.151}, 'Fin. Res.': {0: 7, 1: 12, 2: -9}, 'Net Inc.': {0: -580.0, 1: -580.0, 2: -1.166}, 'Net Mar.': {0: 'L', 1: 'L', 2: 'L'}, 'ROE': {0: 'L', 1: 'L', 2: 'L'}, 'Cash': {0: 1.116, 1: 1.079, 2: 2.011}, 'Debt': {0: 0, 1: 396, 2: 457}, 'N.D. / EBITDA': {0: 'L', 1: 'L', 2: 'L'}, 'OCF': {0: -39, 1: -165, 2: -297}, 'CAPEX': {0: -13, 1: -13, 2: -12}, 'FCF': {0: 46.0, 1: 325.0, 2: 1.036}, 'Free': {0: -52, 1: -178, 2: -309}, 'Div.': {0: 0, 1: 0, 2: 0}}|PLTR
27|1.3 / 5|7|{'Year': {0: '12/2018', 1: '12/2019', 2: '12/2020'}, 'Equity': {0: 3.0, 1: 130.0, 2: 1.467}, 'Revenue': {0: 174, 1: 230, 2: -93}, 'EBITDA': {0: -60, 1: -35, 2: -551}, 'Fin. Res.': {0: -23, 1: -36, 2: -60}, 'Net Inc.': {0: -86, 1: -84, 2: -596}, 'Net Mar.': {0: 'L', 1: 'L', 2: 'L'}, 'ROE': {0: 'L', 1: 'L', 2: 'L'}, 'Cash': {0: 39.0, 1: 139.0, 2: 1.312}, 'Debt': {0: 273, 1: 429, 2: 562}, 'N.D. / EBITDA': {0: 'L', 1: 'L', 2: 'L'}, 'OCF': {0: -58, 1: -53, 2: -155}, 'CAPEX': {0: -20, 1: -15, 2: -50}, 'FCF': {0: 120.0, 1: 327.0, 2: 1.516}, 'Free': {0: -78, 1: -68, 2: -206}, 'Div.': {0: 0, 1: 0, 2: 0}}|PLUG
28|3.7 / 5|9|{'Year': {0: '12/2020'}, 'Equity': {0: 234}, 'Revenue': {0: 148}, 'EBITDA': {0: 31}, 'Fin. Res.': {0: -1}, 'Net Inc.': {0: 67}, 'Net Mar.': {0: '45%'}, 'ROE': {0: '55%'}, 'Cash': {0: 132}, 'Debt': {0: 2}, 'N.D. / EBITDA': {0: 0}, 'OCF': {0: -13}, 'CAPEX': {0: -7}, 'FCF': {0: 147}, 'Free': {0: -20}, 'Div.': {0: 83}, 'Payout': {0: '124%'}}|TTCF
29|1.7 / 5|3|{'Year': {0: '12/2018', 1: '12/2019', 2: '12/2020'}, 'Equity': {0: -122, 1: 384, 2: 367}, 'Revenue': {0: 88, 1: 298, 2: 407}, 'EBITDA': {0: -24, 1: -1, 2: -37}, 'Fin. Res.': {0: -1, 1: -3, 2: -3}, 'Net Inc.': {0: -30, 1: -12, 2: -53}, 'Net Mar.': {0: 'L', 1: 'L', 2: 'L'}, 'ROE': {0: 'L', 1: 'L', 2: 'L'}, 'Cash': {0: 54, 1: 276, 2: 159}, 'Debt': {0: 31, 1: 31, 2: 40}, 'N.D. / EBITDA': {0: 'L', 1: 'L', 2: 'L'}, 'OCF': {0: -38, 1: -47, 2: -40}, 'CAPEX': {0: -23, 1: -26, 2: -60}, 'FCF': {0: 76, 1: 295, 2: -2}, 'Free': {0: -61, 1: -73, 2: -100}, 'Div.': {0: 0, 1: 0, 2: 0}}|BYND
30|3.7 / 5|29|{'Year': {0: '12/2018', 1: '12/2019', 2: '12/2020'}, 'Equity': {0: 8, 1: 272, 2: 484}, 'Revenue': {0: 316, 1: 624, 2: 774}, 'EBITDA': {0: 10, 1: 114, 2: 159}, 'Fin. Res.': {0: -10, 1: -7, 2: -19}, 'Net Inc.': {0: -12, 1: 161, 2: 134}, 'Net Mar.': {0: 'L', 1: '26%', 2: '17%'}, 'ROE': {0: 'L', 1: '115%', 2: '35%'}, 'Cash': {0: 106, 1: 251, 2: 679}, 'Debt': {0: 110, 1: 109, 2: 335}, 'N.D. / EBITDA': {0: 4, 1: 0, 2: 0}, 'OCF': {0: 16, 1: 139, 2: 216}, 'CAPEX': {0: -4, 1: -15, 2: -21}, 'FCF': {0: 81, 1: 66, 2: 192}, 'Free': {0: 12, 1: 124, 2: 196}, 'Div.': {0: 0, 1: 0, 2: 0}}|ENPH
31|3.1 / 5|12|{'Year': {0: '01/2019', 1: '01/2020', 2: '01/2021'}, 'Equity': {0: -488, 1: 742, 2: 871}, 'Revenue': {0: 250, 1: 481, 2: 874}, 'EBITDA': {0: -123, 1: -116, 2: -46}, 'Fin. Res.': {0: 0, 1: 0, 2: -2}, 'Net Inc.': {0: -140, 1: -142, 2: -93}, 'Net Mar.': {0: 'L', 1: 'L', 2: 'L'}, 'ROE': {0: 'L', 1: 'L', 2: 'L'}, 'Cash': {0: 192.0, 1: 912.0, 2: 1.919}, 'Debt': {0: 0, 1: 0, 2: 779}, 'N.D. / EBITDA': {0: 'L', 1: 'L', 2: 'L'}, 'OCF': {0: -23, 1: 100, 2: 357}, 'CAPEX': {0: -43, 1: -87, 2: -64}, 'FCF': {0: 190, 1: 706, 2: 800}, 'Free': {0: -66, 1: 12, 2: 293}, 'Div.': {0: 0, 1: 0, 2: 0}}|CRWD
32|2.5 / 5|2|{'Year': {0: '01/2021'}, 'Equity': {0: -804}, 'Revenue': {0: 608}, 'EBITDA': {0: -98}, 'Fin. Res.': {0: 1}, 'Net Inc.': {0: -92}, 'Net Mar.': {0: 'L'}, 'ROE': {0: 'L'}, 'Cash': {0: 461}, 'Debt': {0: 20}, 'N.D. / EBITDA': {0: 'L'}, 'OCF': {0: 29}, 'CAPEX': {0: -3}, 'FCF': {0: 250}, 'Free': {0: 26}, 'Div.': {0: 0}}|PATH
33|2.9 / 5|13|{'Year': {0: '12/2018', 1: '12/2019', 2: '12/2020'}, 'Equity': {0: 245.0, 1: 698.0, 2: 1.328}, 'Revenue': {0: 743.0, 1: 1.129, 2: 1.778}, 'EBITDA': {0: -1, 1: -18, 2: 72}, 'Fin. Res.': {0: 0, 1: -2, 2: -3}, 'Net Inc.': {0: -9, 1: -60, 2: -18}, 'Net Mar.': {0: 'L', 1: 'L', 2: 'L'}, 'ROE': {0: 'L', 1: 'L', 2: 'L'}, 'Cash': {0: 198.0, 1: 515.0, 2: 1.093}, 'Debt': {0: 0, 1: 419, 2: 438}, 'N.D. / EBITDA': {0: 'L', 1: 'L', 2: '00'}, 'OCF': {0: 14, 1: 14, 2: 148}, 'CAPEX': {0: -18, 1: -85, 2: -82}, 'FCF': {0: 25, 1: 458, 2: 509}, 'Free': {0: -4, 1: -71, 2: 66}, 'Div.': {0: 0, 1: 0, 2: 0}}|ROKU
34|3.8 / 5|18|{'Year': {0: '12/2018', 1: '12/2019', 2: '12/2020'}, 'Equity': {0: 83.476, 1: 84.717, 2: 85.687}, 'Revenue': {0: 31.241, 1: 34.306, 2: 35.241}, 'EBITDA': {0: 14.06, 1: 14.864, 2: 16.278}, 'Fin. Res.': {0: -2.014, 1: -2.272, 2: -2.402}, 'Net Inc.': {0: 7.694, 1: 7.562, 2: 8.75}, 'Net Mar.': {0: '25%', 1: '22%', 2: '25%'}, 'ROE': {0: '10%', 1: '9%', 2: '10%'}, 'Cash': {0: 3.17, 1: 2.681, 2: 2.8}, 'Debt': {0: 60.6, 1: 60.143, 2: 60.113}, 'N.D. / EBITDA': {0: 41, 1: 39, 2: 35}, 'OCF': {0: 13.132, 1: 11.926, 2: 13.379}, 'CAPEX': {0: -1.203, 1: -1.08, 2: -1.032}, 'FCF': {0: -12.283, 1: -11.392, 2: -10.797}, 'Free': {0: 11.929, 1: 10.846, 2: 12.347}, 'Div.': {0: 5.545, 1: 6.096, 2: 6.487}, 'Payout': {0: '72%', 1: '81%', 2: '74%'}}|BTI
35|2.6 / 5|7|{'Year': {0: '07/2019', 1: '07/2020', 2: '07/2021'}, 'Equity': {0: 1.586, 1: 1.102, 2: 764.0}, 'Revenue': {0: 2.9, 1: 3.408, 2: 4.256}, 'EBITDA': {0: 163, 1: 110, 2: 3}, 'Fin. Res.': {0: -14, 1: -47, 2: -155}, 'Net Inc.': {0: -82, 1: -267, 2: -499}, 'Net Mar.': {0: 'L', 1: 'L', 2: 'L'}, 'ROE': {0: 'L', 1: 'L', 2: 'L'}, 'Cash': {0: 2.803, 1: 3.748, 2: 2.901}, 'Debt': {0: 1.43, 1: 3.421, 2: 3.539}, 'N.D. / EBITDA': {0: 0, 1: 0, 2: 2000}, 'OCF': {0: 1.056, 1: 1.036, 2: 1.503}, 'CAPEX': {0: -131, 1: -214, 2: -116}, 'FCF': {0: -774.0, 1: 673.0, 2: -1.104}, 'Free': {0: 924.0, 1: 821.0, 2: 1.387}, 'Div.': {0: 0, 1: 0, 2: 0}}|PANW
36|2.7 / 5|6|{'Year': {0: '12/2018', 1: '12/2019', 2: '12/2020'}, 'Equity': {0: 392.0, 1: 939.0, 2: 1.664}, 'Revenue': {0: 3, 1: 290, 2: 1}, 'EBITDA': {0: -155, 1: 51, 2: -345}, 'Fin. Res.': {0: 0, 1: 0, 2: 0}, 'Net Inc.': {0: -165, 1: 67, 2: -349}, 'Net Mar.': {0: 'L', 1: '23%', 2: 'L'}, 'ROE': {0: 'L', 1: '10%', 2: 'L'}, 'Cash': {0: 457.0, 1: 944.0, 2: 1.69}, 'Debt': {0: 0, 1: 53, 2: 61}, 'N.D. / EBITDA': {0: 'L', 1: '00', 2: 'L'}, 'OCF': {0: -96, 1: 57, 2: -238}, 'CAPEX': {0: -3, 1: -7, 2: -18}, 'FCF': {0: 316.0, 1: 431.0, 2: 1.016}, 'Free': {0: -99, 1: 50, 2: -257}, 'Div.': {0: 0, 1: 0, 2: 0}}|CRSP
37|2.3 / 5|6|{'Year': {0: '12/2018', 1: '12/2019', 2: '12/2020'}, 'Equity': {0: 162.0, 1: 380.0, 2: 1.976}, 'Revenue': {0: 148, 1: 217, 2: 280}, 'EBITDA': {0: -112, 1: -232, 2: -645}, 'Fin. Res.': {0: -7, 1: -12, 2: -30}, 'Net Inc.': {0: -129, 1: -242, 2: -602}, 'Net Mar.': {0: 'L', 1: 'L', 2: 'L'}, 'ROE': {0: 'L', 1: 'L', 2: 'L'}, 'Cash': {0: 126, 1: 392, 2: 354}, 'Debt': {0: 78, 1: 319, 2: 450}, 'N.D. / EBITDA': {0: 'L', 1: 'L', 2: 'L'}, 'OCF': {0: -92, 1: -145, 2: -299}, 'CAPEX': {0: -6, 1: -20, 2: -23}, 'FCF': {0: 157, 1: 465, 2: 673}, 'Free': {0: -98, 1: -165, 2: -321}, 'Div.': {0: 0, 1: 0, 2: 0}}|NVTA
38|4.8 / 5|74|{'Year': {0: '09/2019', 1: '09/2020', 2: '09/2021'}, 'Equity': {0: 34.684, 1: 36.21, 2: 37.589}, 'Revenue': {0: 22.977, 1: 21.846, 2: 24.105}, 'EBITDA': {0: 16.073, 1: 15.073, 2: 17.38}, 'Fin. Res.': {0: -533, 1: -516, 2: -513}, 'Net Inc.': {0: 12.08, 1: 10.866, 2: 12.311}, 'Net Mar.': {0: '53%', 1: '50%', 2: '51%'}, 'ROE': {0: '42%', 1: '36%', 2: '38%'}, 'Cash': {0: 12.074, 1: 20.041, 2: 18.512}, 'Debt': {0: 16.729, 1: 24.07, 2: 20.977}, 'N.D. / EBITDA': {0: 3, 1: 3, 2: 1}, 'OCF': {0: 12.784, 1: 10.44, 2: 15.227}, 'CAPEX': {0: -756, 1: -736, 2: -705}, 'FCF': {0: -12.061, 1: -3.968, 2: -14.41}, 'Free': {0: 12.028, 1: 9.704, 2: 14.522}, 'Div.': {0: 2.269, 1: 2.664, 2: 2.798}, 'Payout': {0: '19%', 1: '25%', 2: '23%'}}|V
39|4.1 / 5|30|{'Year': {0: '12/2018', 1: '12/2019', 2: '12/2020'}, 'Equity': {0: -6.258, 1: -8.21, 2: -7.825}, 'Revenue': {0: 21.258, 1: 21.364, 2: 19.208}, 'EBITDA': {0: 10.279, 1: 10.758, 2: 9.11}, 'Fin. Res.': {0: -977.0, 1: -1.085, 2: -1.2}, 'Net Inc.': {0: 5.924, 1: 6.025, 2: 4.731}, 'Net Mar.': {0: '28%', 1: '28%', 2: '25%'}, 'ROE': {0: 'L', 1: 'L', 2: 'L'}, 'Cash': {0: 866.0, 1: 899.0, 2: 3.449}, 'Debt': {0: 31.075, 1: 47.556, 2: 51.463}, 'N.D. / EBITDA': {0: 29, 1: 43, 2: 53}, 'OCF': {0: 6.967, 1: 8.122, 2: 6.265}, 'CAPEX': {0: -2.742, 1: -2.394, 2: -1.641}, 'FCF': {0: -5.95, 1: -4.995, 2: -2.249}, 'Free': {0: 4.225, 1: 5.728, 2: 4.624}, 'Div.': {0: 3.256, 1: 3.582, 2: 3.753}, 'Payout': {0: '55%', 1: '59%', 2: '79%'}}|MCD
40|3.7 / 5|24|{'Year': {0: '12/2018', 1: '12/2019', 2: '12/2020'}, 'Equity': {0: 1.121, 1: 1.715, 2: 2.682}, 'Revenue': {0: 3.298, 1: 4.714, 2: 9.498}, 'EBITDA': {0: 43, 1: 475, 2: 357}, 'Fin. Res.': {0: -18, 1: -22, 2: -57}, 'Net Inc.': {0: -38, 1: 375, 2: 213}, 'Net Mar.': {0: 'L', 1: '8%', 2: '2%'}, 'ROE': {0: 'L', 1: '26%', 2: '10%'}, 'Cash': {0: 1.458, 1: 2.216, 2: 5.891}, 'Debt': {0: 1.049, 1: 1.075, 2: 3.493}, 'N.D. / EBITDA': {0: 0, 1: 0, 2: 0}, 'OCF': {0: 295, 1: 466, 2: 382}, 'CAPEX': {0: -63, 1: -62, 2: -138}, 'FCF': {0: 516.0, 1: -99.0, 2: 2.315}, 'Free': {0: 232, 1: 403, 2: 243}, 'Div.': {0: 0, 1: 0, 2: 0}}|SQ
41|3.4 / 5|26|{'Year': {0: '12/2018', 1: '12/2019', 2: '12/2020'}, 'Equity': {0: 1.266, 1: 2.827, 2: 5.837}, 'Revenue': {0: 6.475, 1: 6.731, 2: 9.763}, 'EBITDA': {0: 621.0, 1: 724.0, 2: 1.676}, 'Fin. Res.': {0: -103, 1: -79, 2: -39}, 'Net Inc.': {0: 337.0, 1: 341.0, 2: 2.49}, 'Net Mar.': {0: '5%', 1: '5%', 2: '26%'}, 'ROE': {0: '36%', 1: '17%', 2: '57%'}, 'Cash': {0: 1.156, 1: 1.503, 2: 2.29}, 'Debt': {0: 1.25, 1: 685.0, 2: 531.0}, 'N.D. / EBITDA': {0: 2, 1: 0, 2: 0}, 'OCF': {0: 34.0, 1: 493.0, 2: 1.071}, 'CAPEX': {0: -163, 1: -217, 2: -294}, 'FCF': {0: 28, 1: 43, 2: 6}, 'Free': {0: -129, 1: 276, 2: 777}, 'Div.': {0: 0, 1: 0, 2: 0}}|AMD
42|4.4 / 5|55|{'Year': {0: '12/2018', 1: '12/2019', 2: '12/2020'}, 'Equity': {0: 74.563, 1: 77.504, 2: 81.038}, 'Revenue': {0: 70.848, 1: 71.965, 2: 77.867}, 'EBITDA': {0: 32.87, 1: 35.373, 2: 37.946}, 'Fin. Res.': {0: -30, 1: -6, 2: -357}, 'Net Inc.': {0: 21.053, 1: 21.048, 2: 20.899}, 'Net Mar.': {0: '30%', 1: '29%', 2: '27%'}, 'ROE': {0: '29%', 1: '28%', 2: '26%'}, 'Cash': {0: 11.65, 1: 13.123, 2: 23.895}, 'Debt': {0: 26.359, 1: 29.001, 2: 36.401}, 'N.D. / EBITDA': {0: 4, 1: 4, 2: 3}, 'OCF': {0: 29.432, 1: 33.145, 2: 35.384}, 'CAPEX': {0: -15.181, 1: -16.213, 2: -14.453}, 'FCF': {0: -18.607, 1: -17.565, 2: -12.917}, 'Free': {0: 14.251, 1: 16.932, 2: 20.931}, 'Div.': {0: 5.541, 1: 5.576, 2: 5.568}, 'Payout': {0: '26%', 1: '26%', 2: '27%'}}|INTC
43|3.5 / 5|22|{'Year': {0: '12/2018', 1: '12/2019', 2: '12/2020'}, 'Equity': {0: 11.392, 1: 12.805, 2: 15.037}, 'Revenue': {0: 7.5, 1: 6.489, 2: 8.086}, 'EBITDA': {0: 3.015, 1: 2.276, 2: 3.161}, 'Fin. Res.': {0: -75, 1: -11, 2: -78}, 'Net Inc.': {0: 1.848, 1: 1.503, 2: 2.197}, 'Net Mar.': {0: '25%', 1: '23%', 2: '27%'}, 'ROE': {0: '18%', 1: '12%', 2: '16%'}, 'Cash': {0: 4.225, 1: 5.794, 2: 8.647}, 'Debt': {0: 2.671, 1: 2.675, 2: 3.605}, 'N.D. / EBITDA': {0: 0, 1: 0, 2: 0}, 'OCF': {0: 1.79, 1: 1.831, 2: 2.252}, 'CAPEX': {0: -131, 1: -116, 2: -78}, 'FCF': {0: -2.02, 1: -237.0, 2: 711.0}, 'Free': {0: 1.659, 1: 1.715, 2: 2.174}, 'Div.': {0: 259, 1: 283, 2: 316}, 'Payout': {0: '14%', 1: '19%', 2: '14%'}}|ATVI
44|3.8 / 5|25|{'Year': {0: '12/2018', 1: '12/2019', 2: '12/2020'}, 'Equity': {0: 63.407, 1: 63.143, 2: 63.238}, 'Revenue': {0: 40.825, 1: 41.172, 2: 41.908}, 'EBITDA': {0: 11.06, 1: 18.853, 2: 13.723}, 'Fin. Res.': {0: -983.0, 1: -1.348, 2: -1.376}, 'Net Inc.': {0: 11.153, 1: 16.273, 2: 9.616}, 'Net Mar.': {0: '27%', 1: '40%', 2: '23%'}, 'ROE': {0: '17%', 1: '26%', 2: '15%'}, 'Cash': {0: 18.833, 1: 9.646, 2: 12.221}, 'Debt': {0: 41.745, 1: 50.84, 2: 38.274}, 'N.D. / EBITDA': {0: 21, 1: 22, 2: 19}, 'OCF': {0: 15.827, 1: 12.588, 2: 14.403}, 'CAPEX': {0: -2.136, 1: -2.49, 2: -2.791}, 'FCF': {0: -20.441, 1: -8.485, 2: -9.649}, 'Free': {0: 13.691, 1: 10.098, 2: 11.612}, 'Div.': {0: 7.978, 1: 8.043, 2: 8.44}, 'Payout': {0: '72%', 1: '49%', 2: '88%'}}|PFE
45|4.8 / 5|67|{'Year': {0: '12/2018', 1: '12/2019', 2: '12/2020'}, 'Equity': {0: 6.679, 1: 8.264, 2: 9.732}, 'Revenue': {0: 3.724, 1: 4.479, 2: 4.358}, 'EBITDA': {0: 1.322, 1: 1.578, 2: 1.326}, 'Fin. Res.': {0: 80, 1: 128, 2: 157}, 'Net Inc.': {0: 1.128, 1: 1.379, 2: 1.061}, 'Net Mar.': {0: '30%', 1: '31%', 2: '24%'}, 'ROE': {0: '20%', 1: '18%', 2: '12%'}, 'Cash': {0: 3.063, 1: 3.222, 2: 5.172}, 'Debt': {0: 0, 1: 0, 2: 0}, 'N.D. / EBITDA': {0: 0, 1: 0, 2: 0}, 'OCF': {0: 1.17, 1: 1.598, 2: 1.485}, 'CAPEX': {0: -187, 1: -426, 2: -341}, 'FCF': {0: 126, 1: -168, 2: -86}, 'Free': {0: 982.0, 1: 1.173, 2: 1.143}, 'Div.': {0: 0, 1: 0, 2: 0}}|ISRG
46|4.8 / 5|70|{'Year': {0: '08/2019', 1: '08/2020', 2: '08/2021'}, 'Equity': {0: 15.243, 1: 18.284, 2: 17.564}, 'Revenue': {0: 152.703, 1: 166.761, 2: 195.929}, 'EBITDA': {0: 6.407, 1: 7.172, 2: 8.632}, 'Fin. Res.': {0: -24, 1: -71, 2: -130}, 'Net Inc.': {0: 3.659, 1: 4.002, 2: 5.007}, 'Net Mar.': {0: '2%', 1: '2%', 2: '3%'}, 'ROE': {0: '26%', 1: '24%', 2: '28%'}, 'Cash': {0: 9.444, 1: 13.305, 2: 12.175}, 'Debt': {0: 6.823, 1: 10.167, 2: 10.133}, 'N.D. / EBITDA': {0: 0, 1: 0, 2: 0}, 'OCF': {0: 6.356, 1: 8.861, 2: 8.958}, 'CAPEX': {0: -2.998, 1: -2.81, 2: -3.588}, 'FCF': {0: -1.147, 1: -1.147, 2: -6.488}, 'Free': {0: 3.358, 1: 6.051, 2: 5.37}, 'Div.': {0: 1.038, 1: 1.479, 2: 5.748}, 'Payout': {0: '28%', 1: '37%', 2: '115%'}}|COST
47|3.5 / 5|18|{'Year': {0: '12/2018', 1: '12/2019', 2: '12/2020'}, 'Equity': {0: 6.275, 1: 7.068, 2: 7.452}, 'Revenue': {0: 14.914, 1: 15.455, 2: 15.218}, 'EBITDA': {0: 4.227, 1: 4.09, 2: 3.989}, 'Fin. Res.': {0: -374, 1: -411, 2: -425}, 'Net Inc.': {0: 1.925, 1: 1.67, 2: 1.496}, 'Net Mar.': {0: '13%', 1: '11%', 2: '10%'}, 'ROE': {0: '31%', 1: '25%', 2: '21%'}, 'Cash': {0: 61.0, 1: 3.561, 2: 553.0}, 'Debt': {0: 10.026, 1: 13.498, 2: 13.81}, 'N.D. / EBITDA': {0: 24, 1: 24, 2: 33}, 'OCF': {0: 3.57, 1: 3.874, 2: 3.403}, 'CAPEX': {0: -1.694, 1: -1.818, 2: -1.632}, 'FCF': {0: -1.508, 1: 1.964, 2: -1.559}, 'Free': {0: 1.876, 1: 2.056, 2: 1.771}, 'Div.': {0: 802, 1: 876, 2: 927}, 'Payout': {0: '42%', 1: '52%', 2: '62%'}}|WM
48|4.8 / 5|48|{'Year': {0: '01/2019', 1: '01/2020', 2: '01/2021'}, 'Equity': {0: -1.878, 1: -3.116, 2: 3.299}, 'Revenue': {0: 108.203, 1: 110.225, 2: 132.11}, 'EBITDA': {0: 17.759, 1: 18.212, 2: 20.844}, 'Fin. Res.': {0: -958.0, 1: -1.128, 2: -1.3}, 'Net Inc.': {0: 11.121, 1: 11.242, 2: 12.866}, 'Net Mar.': {0: '10%', 1: '10%', 2: '10%'}, 'ROE': {0: 'L', 1: 'L', 2: '14061%'}, 'Cash': {0: 1.778, 1: 2.133, 2: 7.895}, 'Debt': {0: 29.202, 1: 37.377, 2: 43.422}, 'N.D. / EBITDA': {0: 15, 1: 19, 2: 17}, 'OCF': {0: 13.165, 1: 13.687, 2: 18.839}, 'CAPEX': {0: -2.442, 1: -2.678, 2: -2.463}, 'FCF': {0: -12.547, 1: -10.798, 2: -2.983}, 'Free': {0: 10.723, 1: 11.009, 2: 16.376}, 'Div.': {0: 4.704, 1: 5.958, 2: 6.451}, 'Payout': {0: '42%', 1: '53%', 2: '50%'}}|HD
49|4.8 / 5|45|{'Year': {0: '12/2018', 1: '12/2019', 2: '12/2020'}, 'Equity': {0: 15.386, 1: 16.885, 2: 20.019}, 'Revenue': {0: 15.451, 1: 17.772, 2: 21.454}, 'EBITDA': {0: 3.229, 1: 4.025, 2: 6.463}, 'Fin. Res.': {0: 91, 1: 82, 2: -121}, 'Net Inc.': {0: 2.057, 1: 2.459, 2: 4.202}, 'Net Mar.': {0: '13%', 1: '14%', 2: '20%'}, 'ROE': {0: '13%', 1: '15%', 2: '23%'}, 'Cash': {0: 9.109, 1: 10.761, 2: 13.083}, 'Debt': {0: 1.998, 1: 4.965, 2: 8.939}, 'N.D. / EBITDA': {0: 0, 1: 0, 2: 0}, 'OCF': {0: 5.48, 1: 4.071, 2: 5.854}, 'CAPEX': {0: -823, 1: -704, 2: -866}, 'FCF': {0: -1.24, 1: 4.187, 2: 12.492}, 'Free': {0: 4.657, 1: 3.367, 2: 4.988}, 'Div.': {0: 0, 1: 0, 2: 0}}|PYPL
50|3.6 / 5|14|{'Year': {0: '12/2018', 1: '12/2019', 2: '12/2020'}, 'Equity': {0: 26.701, 1: 25.907, 2: 25.317}, 'Revenue': {0: 42.294, 1: 46.84, 2: 47.994}, 'EBITDA': {0: 13.992, 1: 16.009, 2: 13.247}, 'Fin. Res.': {0: -429, 1: -619, 2: -772}, 'Net Inc.': {0: 6.22, 1: 9.843, 2: 7.067}, 'Net Mar.': {0: '15%', 1: '21%', 2: '15%'}, 'ROE': {0: '20%', 1: '37%', 2: '28%'}, 'Cash': {0: 8.864, 1: 10.45, 2: 8.062}, 'Debt': {0: 25.114, 1: 26.346, 2: 31.791}, 'N.D. / EBITDA': {0: 12, 1: 10, 2: 18}, 'OCF': {0: 10.922, 1: 13.44, 2: 10.253}, 'CAPEX': {0: -2.615, 1: -3.473, 2: -4.684}, 'FCF': {0: -13.16, 1: -8.861, 2: -2.832}, 'Free': {0: 8.307, 1: 9.967, 2: 5.569}, 'Div.': {0: 5.172, 1: 5.695, 2: 6.215}, 'Payout': {0: '83%', 1: '58%', 2: '88%'}}|MRK
51|4.1 / 5|16|{'Year': {0: '12/2018', 1: '12/2019', 2: '12/2020'}, 'Equity': {0: 58.225, 1: 63.864, 2: 69.389}, 'Revenue': {0: 194.579, 1: 256.776, 2: 268.706}, 'EBITDA': {0: 6.743, 1: 16.403, 2: 17.118}, 'Fin. Res.': {0: -2.619, 1: -3.035, 2: -2.907}, 'Net Inc.': {0: -594.0, 1: 6.634, 2: 7.179}, 'Net Mar.': {0: 'L', 1: '3%', 2: '3%'}, 'ROE': {0: 'L', 1: '11%', 2: '11%'}, 'Cash': {0: 6.581, 1: 8.056, 2: 10.854}, 'Debt': {0: 73.429, 1: 89.002, 2: 85.042}, 'N.D. / EBITDA': {0: 99, 1: 49, 2: 43}, 'OCF': {0: 8.865, 1: 12.848, 2: 15.865}, 'CAPEX': {0: -2.037, 1: -2.457, 2: -2.437}, 'FCF': {0: 36.819, 1: -7.85, 2: -8.155}, 'Free': {0: 6.828, 1: 10.391, 2: 13.428}, 'Div.': {0: 2.038, 1: 2.603, 2: 2.624}, 'Payout': {0: 'L', 1: '39%', 2: '37%'}}|CVS
52|3.9 / 5|7|{'Year': {0: '12/2018', 1: '12/2019', 2: '12/2020'}, 'Equity': {0: 41.028, 1: 45.338, 2: 50.321}, 'Revenue': {0: 48.569, 1: 153.743, 2: 160.577}, 'EBITDA': {0: 4.774, 1: 11.903, 2: 15.108}, 'Net Inc.': {0: 2.637, 1: 5.104, 2: 8.458}, 'Net Mar.': {0: '5%', 1: '3%', 2: '5%'}, 'ROE': {0: '10%', 1: '12%', 2: '18%'}, 'Cash': {0: 5.9, 1: 5.556, 2: 11.513}, 'Debt': {0: 42.478, 1: 37.407, 2: 32.919}, 'N.D. / EBITDA': {0: 77, 1: 27, 2: 14}, 'OCF': {0: 3.77, 1: 9.485, 2: 10.35}, 'CAPEX': {0: -528.0, 1: -1.05, 2: -1.094}, 'FCF': {0: 23.515, 1: -7.187, 2: -8.533}, 'Free': {0: 3.242, 1: 8.435, 2: 9.256}, 'Div.': {0: 0, 1: 0, 2: 0}}|CI
53|4.8 / 5|49|{'Year': {0: '01/2019', 1: '01/2020', 2: '01/2021'}, 'Equity': {0: 1.238, 1: 1.666, 2: 2.266}, 'Revenue': {0: 862.0, 1: 1.104, 2: 1.465}, 'EBITDA': {0: 237, 1: 306, 2: 407}, 'Fin. Res.': {0: 15, 1: 25, 2: 16}, 'Net Inc.': {0: 230, 1: 301, 2: 380}, 'Net Mar.': {0: '27%', 1: '27%', 2: '26%'}, 'ROE': {0: '21%', 1: '21%', 2: '19%'}, 'Cash': {0: 1.09, 1: 1.087, 2: 1.664}, 'Debt': {0: 0, 1: 55, 2: 63}, 'N.D. / EBITDA': {0: 0, 1: 0, 2: 0}, 'OCF': {0: 311, 1: 437, 2: 551}, 'CAPEX': {0: 0, 1: 0, 2: 0}, 'FCF': {0: 26, 1: 10, 2: 34}, 'Free': {0: 311, 1: 437, 2: 551}, 'Div.': {0: 0, 1: 0, 2: 0}}|VEEV
54|4.8 / 5|65|{'Year': {0: '12/2018', 1: '12/2019', 2: '12/2020'}, 'Total Assets': {0: '2.622.532', 1: '2.687.379', 2: '3.386.071'}, 'Equity': {0: 256.515, 1: 261.33, 2: 279.354}, 'Revenue': {0: 108.783, 1: 115.399, 2: 119.543}, 'Net Income': {0: 32.474, 1: 36.431, 2: 29.131}, 'Net Mar.': {0: '30%', 1: '32%', 2: '24%'}, 'ROE': {0: '13%', 1: '15%', 2: '11%'}, 'PCL': {0: -4.871, 1: -5.585, 2: -17.48}, 'PCL/Net Income': {0: '15%', 1: '15%', 2: '60%'}, 'Dividends': {0: 10.109, 1: 12.343, 2: 12.69}, 'Payout': {0: '31%', 1: '34%', 2: '44%'}}|JPM
55|3.1 / 5|14|{'Year': {0: '12/2018', 1: '12/2019', 2: '12/2020'}, 'Equity': {0: 14.031, 1: 51.598, 2: 37.822}, 'Revenue': {0: 22.561, 1: 26.145, 2: 42.518}, 'EBITDA': {0: 6.788, 1: 7.377, 2: 4.929}, 'Fin. Res.': {0: -183.0, 1: -656.0, 2: -1.42}, 'Net Inc.': {0: 4.92, 1: 3.439, 2: -9.015}, 'Net Mar.': {0: '22%', 1: '13%', 2: 'L'}, 'ROE': {0: '38%', 1: '10%', 2: 'L'}, 'Cash': {0: 8.759, 1: 15.393, 2: 16.45}, 'Debt': {0: 7.349, 1: 47.538, 2: 51.673}, 'N.D. / EBITDA': {0: 0, 1: 44, 2: 71}, 'OCF': {0: 7.066, 1: 8.21, 2: 14.052}, 'CAPEX': {0: -951, 1: -836, 2: -753}, 'FCF': {0: -3.535, 1: 7.621, 2: -1.151}, 'Free': {0: 6.115, 1: 7.374, 2: 13.299}, 'Div.': {0: 2.613, 1: 2.679, 2: 4.075}, 'Payout': {0: '53%', 1: '78%', 2: 'L'}}|BMY
56|3.7 / 5|9|{'Year': {0: '12/2018', 1: '12/2019', 2: '12/2020'}, 'Equity': {0: 1.111, 1: 2.128, 2: 2.834}, 'Revenue': {0: 2.609, 1: 3.46, 2: 4.519}, 'EBITDA': {0: 163, 1: 353, 2: 518}, 'Fin. Res.': {0: 3, 1: 22, 2: 7}, 'Net Inc.': {0: -27, 1: 627, 2: 119}, 'Net Mar.': {0: 'L', 1: '18%', 2: '3%'}, 'ROE': {0: 'L', 1: '39%', 2: '5%'}, 'Cash': {0: 1.498, 1: 1.691, 2: 3.092}, 'Debt': {0: 662.0, 1: 1.131, 2: 2.135}, 'N.D. / EBITDA': {0: 0, 1: 0, 2: 0}, 'OCF': {0: 811.0, 1: 1.236, 2: 1.787}, 'CAPEX': {0: -249, 1: -338, 2: -433}, 'FCF': {0: -607, 1: -302, 2: 597}, 'Free': {0: 562.0, 1: 898.0, 2: 1.354}, 'Div.': {0: 0, 1: 0, 2: 0}}|NOW
57|4.1 / 5|45|{'Year': {0: '06/2019', 1: '06/2020', 2: '06/2021'}, 'Equity': {0: 47.194, 1: 46.521, 2: 46.378}, 'Revenue': {0: 67.684, 1: 70.95, 2: 76.118}, 'EBITDA': {0: 9.402, 1: 19.312, 2: 20.852}, 'Fin. Res.': {0: -289, 1: -310, 2: -457}, 'Net Inc.': {0: 3.897, 1: 13.027, 2: 14.306}, 'Net Mar.': {0: '6%', 1: '18%', 2: '19%'}, 'ROE': {0: '7%', 1: '28%', 2: '31%'}, 'Cash': {0: 10.287, 1: 16.181, 2: 10.288}, 'Debt': {0: 30.092, 1: 35.372, 2: 32.619}, 'N.D. / EBITDA': {0: 21, 1: 10, 2: 11}, 'OCF': {0: 15.242, 1: 17.403, 2: 18.371}, 'CAPEX': {0: -3.347, 1: -3.073, 2: -2.787}, 'FCF': {0: -9.994, 1: -8.367, 2: -21.531}, 'Free': {0: 11.895, 1: 14.33, 2: 15.584}, 'Div.': {0: 7.498, 1: 7.789, 2: 8.263}, 'Payout': {0: '192%', 1: '60%', 2: '58%'}}|PG
58|3.2 / 5|16|{'Year': {0: '12/2018', 1: '12/2019', 2: '12/2020'}, 'Equity': {0: 14.039, 1: 14.588, 2: 15.331}, 'Revenue': {0: 54.722, 1: 53.8, 2: 41.748}, 'EBITDA': {0: 10.992, 1: 10.81, 2: 6.941}, 'Fin. Res.': {0: -404, 1: -421, 2: -514}, 'Net Inc.': {0: 6.147, 1: 6.093, 2: 2.998}, 'Net Mar.': {0: '11%', 1: '11%', 2: '7%'}, 'ROE': {0: '44%', 1: '43%', 2: '20%'}, 'Cash': {0: 7.857, 1: 8.284, 2: 9.352}, 'Debt': {0: 36.553, 1: 37.657, 2: 37.163}, 'N.D. / EBITDA': {0: 26, 1: 27, 2: 40}, 'OCF': {0: 6.558, 1: 6.912, 2: 6.327}, 'CAPEX': {0: -2.916, 1: -2.669, 2: -2.115}, 'FCF': {0: -3.65, 1: -4.538, 2: -3.755}, 'Free': {0: 3.642, 1: 4.243, 2: 4.212}, 'Div.': {0: 1.951, 1: 2.132, 2: 2.243}, 'Payout': {0: '32%', 1: '35%', 2: '75%'}}|CAT
59|4 / 5|15|{'Year': {0: '12/2018', 1: '12/2019', 2: '12/2020'}, 'Total Assets': {0: 188.602, 1: 198.321, 2: 191.367}, 'Equity': {0: 22.29, 1: 23.071, 2: 22.984}, 'Revenue': {0: 40.315, 1: 43.556, 2: 36.087}, 'Net Income': {0: 6.921, 1: 6.759, 2: 3.135}, 'Net Mar.': {0: '17%', 1: '16%', 2: '9%'}, 'ROE': {0: '33%', 1: '29%', 2: '13%'}, 'PCL': {0: -3.352, 1: -3.573, 2: -4.73}, 'PCL/Net Income': {0: '48%', 1: '53%', 2: '151%'}, 'Dividends': {0: 1.324, 1: 1.422, 2: 1.474}, 'Payout': {0: '19%', 1: '21%', 2: '47%'}}|AXP
60|2.3 / 5|3|{'Year': {0: '12/2018', 1: '12/2019', 2: '12/2020'}, 'Total Assets': {0: 646, 1: 393, 2: 477}, 'Equity': {0: -67, 1: -63, 2: 300}, 'Revenue': {0: 96, 1: 164, 2: 228}, 'Net Income': {0: -12, 1: 0, 2: 6}, 'Net Mar.': {0: 'L', 1: 'L', 2: '3%'}, 'ROE': {0: 'L', 1: 'L', 2: '0,0%'}, 'PCL': {0: 0, 1: 0, 2: 0}, 'PCL/Net Income': {0: '0%', 1: '0%', 2: '0%'}, 'Dividends': {0: 0, 1: 0, 2: 0}}|UPST
61|2.1 / 5|11|{'Year': {0: '12/2018', 1: '12/2019', 2: '12/2020'}, 'Equity': {0: 51.657, 1: 51.623, 2: 50.103}, 'Revenue': {0: 26.268, 1: 24.977, 2: 26.185}, 'EBITDA': {0: -9.054, 1: 5.016, 2: 3.393}, 'Fin. Res.': {0: -1.249, 1: -1.325, 2: -1.367}, 'Net Inc.': {0: -10.192, 1: 1.935, 2: 356.0}, 'Net Mar.': {0: 'L', 1: '8%', 2: '1%'}, 'ROE': {0: 'L', 1: '4%', 2: '0,7%'}, 'Cash': {0: 1.13, 1: 2.279, 2: 3.417}, 'Debt': {0: 31.168, 1: 29.244, 2: 28.306}, 'N.D. / EBITDA': {0: 'L', 1: '54', 2: '73'}, 'OCF': {0: 2.574, 1: 3.552, 2: 4.929}, 'CAPEX': {0: -826, 1: -768, 2: -596}, 'FCF': {0: -3.363, 1: -3.913, 2: -3.331}, 'Free': {0: 1.748, 1: 2.784, 2: 4.333}, 'Div.': {0: 3.183, 1: 1.953, 2: 1.958}, 'Payout': {0: 'L', 1: '101%', 2: '550%'}}|KHC
62|3.2 / 5|5|{'Year': {0: '12/2018', 1: '12/2019', 2: '12/2020'}, 'Equity': {0: 467, 1: 624, 2: 707}, 'Revenue': {0: 343, 1: 434, 2: 464}, 'EBITDA': {0: 62, 1: 83, 2: 32}, 'Fin. Res.': {0: 6, 1: 9, 2: -7}, 'Net Inc.': {0: 47, 1: 63, 2: -6}, 'Net Mar.': {0: '14%', 1: '15%', 2: 'L'}, 'ROE': {0: '11%', 1: '12%', 2: 'L'}, 'Cash': {0: 427.0, 1: 1.065, 2: 953.0}, 'Debt': {0: 0, 1: 491, 2: 509}, 'N.D. / EBITDA': {0: 0, 1: 0, 2: 0}, 'OCF': {0: 130, 1: 142, 2: 107}, 'CAPEX': {0: -9, 1: -7, 2: -7}, 'FCF': {0: 18, 1: 532, 2: 13}, 'Free': {0: 122, 1: 135, 2: 100}, 'Div.': {0: 0, 1: 0, 2: 0}}|CYBR
63|3.6 / 5|14|{'Year': {0: '10/2018', 1: '10/2019', 2: '10/2020'}, 'Equity': {0: 26.657, 1: 24.97, 2: 23.901}, 'Revenue': {0: 20.848, 1: 22.597, 2: 23.888}, 'EBITDA': {0: 9.254, 1: 9.478, 2: 11.125}, 'Fin. Res.': {0: -514.0, 1: -1.346, 2: -1.724}, 'Net Inc.': {0: 12.259, 1: 2.724, 2: 2.96}, 'Net Mar.': {0: '59%', 1: '12%', 2: '12%'}, 'ROE': {0: '52%', 1: '10%', 2: '11%'}, 'Cash': {0: 4.292, 1: 5.055, 2: 7.618}, 'Debt': {0: 17.493, 1: 32.798, 2: 41.062}, 'N.D. / EBITDA': {0: 14, 1: 29, 2: 30}, 'OCF': {0: 8.88, 1: 9.697, 2: 12.061}, 'CAPEX': {0: -635, 1: -432, 2: -463}, 'FCF': {0: -11.118, 1: 6.488, 2: 1.611}, 'Free': {0: 8.245, 1: 9.265, 2: 11.598}, 'Div.': {0: 2.998, 1: 4.235, 2: 5.534}, 'Payout': {0: '24%', 1: '155%', 2: '187%'}}|AVGO
64|4.4 / 5|53|{'Year': {0: '12/2018', 1: '12/2019', 2: '12/2020'}, 'Equity': {0: 9.796, 1: 10.063, 2: 12.867}, 'Revenue': {0: 32.765, 1: 32.136, 2: 32.184}, 'EBITDA': {0: 8.838, 1: 7.753, 2: 9.151}, 'Fin. Res.': {0: -280, 1: -368, 2: -500}, 'Net Inc.': {0: 5.349, 1: 4.57, 2: 5.384}, 'Net Mar.': {0: '16%', 1: '14%', 2: '17%'}, 'ROE': {0: '50%', 1: '46%', 2: '47%'}, 'Cash': {0: 3.233, 1: 2.451, 2: 5.038}, 'Debt': {0: 14.697, 1: 21.278, 2: 19.753}, 'N.D. / EBITDA': {0: 13, 1: 24, 2: 16}, 'OCF': {0: 6.439, 1: 7.07, 2: 8.113}, 'CAPEX': {0: -1.577, 1: -1.699, 2: -1.501}, 'FCF': {0: -6.701, 1: -1.124, 2: -5.3}, 'Free': {0: 4.862, 1: 5.371, 2: 6.612}, 'Div.': {0: 3.193, 1: 3.316, 2: 3.388}, 'Payout': {0: '60%', 1: '73%', 2: '63%'}}|MMM
65|4 / 5|26|{'Year': {0: '12/2018', 1: '12/2019', 2: '12/2020'}, 'Equity': {0: -8.446, 1: -8.172, 2: 13.076}, 'Revenue': {0: 32.753, 1: 33.266, 2: 45.804}, 'EBITDA': {0: 8.31, 1: 12.227, 2: 12.323}, 'Fin. Res.': {0: -1.144, 1: -1.509, 2: -2.28}, 'Net Inc.': {0: 5.687, 1: 7.882, 2: 4.616}, 'Net Mar.': {0: '17%', 1: '24%', 2: '10%'}, 'ROE': {0: 'L', 1: 'L', 2: '186%'}, 'Cash': {0: 8.061, 1: 39.924, 2: 8.479}, 'Debt': {0: 40.31, 1: 66.728, 2: 86.056}, 'N.D. / EBITDA': {0: 39, 1: 22, 2: 63}, 'OCF': {0: 13.427, 1: 13.324, 2: 17.588}, 'CAPEX': {0: -638, 1: -552, 2: -798}, 'FCF': {0: -14.396, 1: 18.708, 2: -11.501}, 'Free': {0: 12.789, 1: 12.772, 2: 16.79}, 'Div.': {0: 5.58, 1: 6.366, 2: 7.716}, 'Payout': {0: '98%', 1: '81%', 2: '167%'}}|ABBV
66|2.6 / 5|16|{'Year': {0: '03/2019', 1: '03/2020', 2: '03/2021'}, 'Equity': {0: 5.331, 1: 7.461, 2: 7.84}, 'Revenue': {0: 4.95, 1: 5.537, 2: 5.629}, 'EBITDA': {0: 1.267, 1: 1.7, 2: 1.241}, 'Fin. Res.': {0: 43, 1: 56, 2: -21}, 'Net Inc.': {0: 1.019, 1: 3.039, 2: 837.0}, 'Net Mar.': {0: '21%', 1: '55%', 2: '15%'}, 'ROE': {0: '21%', 1: '48%', 2: '11%'}, 'Cash': {0: 5.445, 1: 5.735, 2: 6.366}, 'Debt': {0: 994.0, 1: 1.065, 2: 1.952}, 'N.D. / EBITDA': {0: 0, 1: 0, 2: 0}, 'OCF': {0: 1.547, 1: 1.797, 2: 1.934}, 'CAPEX': {0: -119, 1: -140, 2: -124}, 'FCF': {0: -1.253, 1: -1.358, 2: -15.0}, 'Free': {0: 1.428, 1: 1.657, 2: 1.81}, 'Div.': {0: 0, 1: 0, 2: 98}, 'Payout': {0: '0%', 1: '0%', 2: '12%'}}|EA
67|4.7 / 5|36|{'Year': {0: '12/2018', 1: '12/2019', 2: '12/2020'}, 'Equity': {0: 51.696, 1: 57.616, 2: 65.491}, 'Revenue': {0: 224.871, 1: 240.269, 2: 255.639}, 'EBITDA': {0: 19.772, 1: 22.405, 2: 25.296}, 'Fin. Res.': {0: -1.4, 1: -1.704, 2: -1.663}, 'Net Inc.': {0: 11.986, 1: 13.839, 2: 15.403}, 'Net Mar.': {0: '5%', 1: '6%', 2: '6%'}, 'ROE': {0: '24%', 1: '25%', 2: '25%'}, 'Cash': {0: 14.324, 1: 14.245, 2: 19.781}, 'Debt': {0: 36.554, 1: 40.678, 2: 43.467}, 'N.D. / EBITDA': {0: 11, 1: 12, 2: 9}, 'OCF': {0: 15.713, 1: 18.463, 2: 22.174}, 'CAPEX': {0: -2.063, 1: -2.071, 2: -2.051}, 'FCF': {0: -4.365, 1: -5.625, 2: -3.59}, 'Free': {0: 13.65, 1: 16.392, 2: 20.123}, 'Div.': {0: 3.32, 1: 3.932, 2: 4.584}, 'Payout': {0: '28%', 1: '28%', 2: '30%'}}|UNH
68|4.8 / 5|85|{'Year': {0: '12/2018', 1: '12/2019', 2: '12/2020'}, 'Equity': {0: 7.963, 1: 8.644, 2: 10.395}, 'Revenue': {0: 17.178, 1: 18.314, 2: 20.838}, 'EBITDA': {0: 7.93, 1: 8.17, 2: 9.73}, 'Fin. Res.': {0: -16, 1: -65, 2: -33}, 'Net Inc.': {0: 5.933, 1: 5.846, 2: 6.917}, 'Net Mar.': {0: '35%', 1: '32%', 2: '33%'}, 'ROE': {0: '76%', 1: '71%', 2: '70%'}, 'Cash': {0: 2.402, 1: 2.323, 2: 2.094}, 'Debt': {0: 79.0, 1: 673.0, 2: 1.7}, 'N.D. / EBITDA': {0: 0, 1: 0, 2: 0}, 'OCF': {0: 6.853, 1: 7.021, 2: 8.528}, 'CAPEX': {0: -1.906, 1: -1.686, 2: -3.625}, 'FCF': {0: -5.303, 1: -5.326, 2: -5.293}, 'Free': {0: 4.947, 1: 5.336, 2: 4.903}, 'Div.': {0: 2.926, 1: 2.913, 2: 3.303}, 'Payout': {0: '49%', 1: '50%', 2: '48%'}}|NVO
69|4.7 / 5|51|{'Year': {0: '12/2018', 1: '12/2019', 2: '12/2020'}, 'Equity': {0: 13.346, 1: 14.123, 2: 16.936}, 'Revenue': {0: 12.547, 1: 13.256, 2: 17.074}, 'EBITDA': {0: 3.884, 1: 3.633, 2: 5.548}, 'Fin. Res.': {0: -32, 1: -28, 2: -43}, 'Net Inc.': {0: 2.971, 1: 2.907, 2: 4.341}, 'Net Mar.': {0: '24%', 1: '22%', 2: '25%'}, 'ROE': {0: '23%', 1: '21%', 2: '27%'}, 'Cash': {0: 4.625, 1: 5.291, 2: 8.98}, 'Debt': {0: 3.47, 1: 3.486, 2: 5.714}, 'N.D. / EBITDA': {0: 0, 1: 0, 2: 0}, 'OCF': {0: 3.523, 1: 3.675, 2: 5.653}, 'CAPEX': {0: -699.0, 1: -994.0, 2: -1.222}, 'FCF': {0: -1.977, 1: -1.92, 2: -920.0}, 'Free': {0: 2.824, 1: 2.681, 2: 4.43}, 'Div.': {0: 685.0, 1: 1.487, 2: 1.303}, 'Payout': {0: '23%', 1: '51%', 2: '30%'}}|ASML
70|4.8 / 5|87|{'Year': {0: '12/2018', 1: '12/2019', 2: '12/2020'}, 'Equity': {0: 54.317, 1: 53.826, 2: 65.31}, 'Revenue': {0: 33.739, 1: 35.69, 2: 47.67}, 'EBITDA': {0: 22.675, 1: 22.682, 2: 32.696}, 'Fin. Res.': {0: 381, 1: 432, 2: 247}, 'Net Inc.': {0: 11.876, 1: 11.806, 2: 18.18}, 'Net Mar.': {0: '35%', 1: '33%', 2: '38%'}, 'ROE': {0: '23%', 1: '22%', 2: '30%'}, 'Cash': {0: 23.349, 1: 19.829, 2: 28.553}, 'Debt': {0: 5.906, 1: 6.353, 2: 13.092}, 'N.D. / EBITDA': {0: 0, 1: 0, 2: 0}, 'OCF': {0: 18.776, 1: 20.518, 2: 29.283}, 'CAPEX': {0: -10.556, 1: -15.669, 2: -18.562}, 'FCF': {0: -8.019, 1: -8.994, 2: -3.154}, 'Free': {0: 8.22, 1: 4.849, 2: 10.721}, 'Div.': {0: 6.786, 1: 8.649, 2: 9.23}, 'Payout': {0: '57%', 1: '73%', 2: '51%'}}|TSM
71|4.2 / 5|28|{'Year': {0: '05/2019', 1: '05/2020', 2: '05/2021'}, 'Equity': {0: 21.785, 1: 12.074, 2: 5.238}, 'Revenue': {0: 39.506, 1: 39.068, 2: 40.479}, 'EBITDA': {0: 17.269, 1: 17.026, 2: 18.411}, 'Fin. Res.': {0: -990.0, 1: -1.468, 2: -2.395}, 'Net Inc.': {0: 11.083, 1: 10.135, 2: 13.746}, 'Net Mar.': {0: '28%', 1: '26%', 2: '34%'}, 'ROE': {0: '33%', 1: '60%', 2: '159%'}, 'Cash': {0: 37.827, 1: 43.057, 2: 46.554}, 'Debt': {0: 56.167, 1: 71.597, 2: 84.245}, 'N.D. / EBITDA': {0: 11, 1: 17, 2: 20}, 'OCF': {0: 14.551, 1: 13.139, 2: 15.887}, 'CAPEX': {0: -1.66, 1: -1.564, 2: -2.135}, 'FCF': {0: -42.056, 1: -6.132, 2: -10.378}, 'Free': {0: 12.891, 1: 11.575, 2: 13.752}, 'Div.': {0: 2.932, 1: 3.07, 2: 3.063}, 'Payout': {0: '26%', 1: '30%', 2: '22%'}}|ORCL
72|3.9 / 5|18|{'Year': {0: '12/2018', 1: '12/2019', 2: '12/2020'}, 'Equity': {0: 20.423, 1: 18.128, 2: 16.958}, 'Revenue': {0: 22.832, 1: 21.708, 2: 19.533}, 'EBITDA': {0: 10.802, 1: 11.013, 2: 10.331}, 'Fin. Res.': {0: -840.0, 1: -987.0, 2: -1.129}, 'Net Inc.': {0: 5.966, 1: 5.919, 2: 5.349}, 'Net Mar.': {0: '26%', 1: '27%', 2: '27%'}, 'ROE': {0: '26%', 1: '31%', 2: '30%'}, 'Cash': {0: 1.333, 1: 891.0, 2: 1.859}, 'Debt': {0: 22.391, 1: 27.033, 2: 28.333}, 'N.D. / EBITDA': {0: 19, 1: 24, 2: 26}, 'OCF': {0: 8.686, 1: 8.609, 2: 8.54}, 'CAPEX': {0: -3.437, 1: -3.453, 2: -2.927}, 'FCF': {0: -5.222, 1: -5.646, 2: -4.902}, 'Free': {0: 5.249, 1: 5.156, 2: 5.613}, 'Div.': {0: 2.299, 1: 2.598, 2: 2.626}, 'Payout': {0: '39%', 1: '44%', 2: '49%'}}|UNP
73|3.9 / 5|18|{'Year': {0: '12/2018', 1: '12/2019', 2: '12/2020'}, 'Equity': {0: 12.5, 1: 9.673, 2: 9.409}, 'Revenue': {0: 23.747, 1: 23.362, 2: 25.424}, 'EBITDA': {0: 12.883, 1: 12.633, 2: 12.996}, 'Fin. Res.': {0: -718.0, 1: -536.0, 2: -1.006}, 'Net Inc.': {0: 8.394, 1: 7.842, 2: 7.264}, 'Net Mar.': {0: '35%', 1: '34%', 2: '29%'}, 'ROE': {0: '44%', 1: '71%', 2: '76%'}, 'Cash': {0: 29.304, 1: 8.911, 2: 10.647}, 'Debt': {0: 33.929, 1: 29.903, 2: 32.986}, 'N.D. / EBITDA': {0: 4, 1: 17, 2: 17}, 'OCF': {0: 11.296, 1: 9.15, 2: 10.497}, 'CAPEX': {0: -738, 1: -618, 2: -608}, 'FCF': {0: -22.49, 1: -15.767, 2: -4.867}, 'Free': {0: 10.558, 1: 8.532, 2: 9.889}, 'Div.': {0: 3.507, 1: 3.509, 2: 3.755}, 'Payout': {0: '42%', 1: '45%', 2: '52%'}}|AMGN
74|4.7 / 5|35|{'Year': {0: '12/2018', 1: '12/2019', 2: '12/2020'}, 'Equity': {0: 4.163, 1: 4.793, 2: 5.516}, 'Revenue': {0: 3.347, 1: 3.758, 2: 4.187}, 'EBITDA': {0: 875.0, 1: 1.052, 2: 1.181}, 'Fin. Res.': {0: 47, 1: 53, 2: 37}, 'Net Inc.': {0: 694, 1: 952, 2: 992}, 'Net Mar.': {0: '21%', 1: '25%', 2: '24%'}, 'ROE': {0: '17%', 1: '21%', 2: '19%'}, 'Cash': {0: 1.385, 1: 1.404, 2: 1.846}, 'Debt': {0: 0, 1: 49, 2: 76}, 'N.D. / EBITDA': {0: 0, 1: 0, 2: 0}, 'OCF': {0: 920.0, 1: 699.0, 2: 1.135}, 'CAPEX': {0: -160, 1: -120, 2: -187}, 'FCF': {0: -286, 1: -416, 2: -462}, 'Free': {0: 759, 1: 578, 2: 948}, 'Div.': {0: 296, 1: 417, 2: 451}, 'Payout': {0: '43%', 1: '44%', 2: '45%'}}|GRMN
75|4.8 / 5|108|{'Year': {0: '12/2018', 1: '12/2019', 2: '12/2020'}, 'Equity': {0: 3.772, 1: 3.569, 2: 3.466}, 'Revenue': {0: 1.917, 1: 1.995, 2: 2.065}, 'EBITDA': {0: 935, 1: 906, 2: 931}, 'Fin. Res.': {0: 86, 1: 91, 2: 76}, 'Net Inc.': {0: 821, 1: 826, 2: 847}, 'Net Mar.': {0: '43%', 1: '41%', 2: '41%'}, 'ROE': {0: '22%', 1: '22%', 2: '24%'}, 'Cash': {0: 1.746, 1: 1.58, 2: 1.688}, 'Debt': {0: 0, 1: 0, 2: 0}, 'N.D. / EBITDA': {0: 0, 1: 0, 2: 0}, 'OCF': {0: 1.144, 1: 1.104, 2: 1.161}, 'CAPEX': {0: -17, 1: -26, 2: -19}, 'FCF': {0: -755.0, 1: -1.189, 2: -1.086}, 'Free': {0: 1.126, 1: 1.078, 2: 1.142}, 'Div.': {0: 0, 1: 0, 2: 0}}|CHKP
76|3.4 / 5|5|{'Year': {0: '12/2018', 1: '12/2019', 2: '12/2020'}, 'Equity': {0: 10.449, 1: 13.207, 2: 15.371}, 'Revenue': {0: 26.425, 1: 26.998, 2: 25.285}, 'EBITDA': {0: 5.441, 1: 4.623, 2: 4.608}, 'Fin. Res.': {0: -951, 1: -896, 2: -971}, 'Net Inc.': {0: 3.455, 1: 3.308, 2: 2.422}, 'Net Mar.': {0: '13%', 1: '12%', 2: '10%'}, 'ROE': {0: '56%', 1: '28%', 2: '17%'}, 'Cash': {0: 856.0, 1: 632.0, 2: 2.984}, 'Debt': {0: 19.113, 1: 20.424, 2: 21.316}, 'N.D. / EBITDA': {0: 34, 1: 43, 2: 40}, 'OCF': {0: 3.464, 1: 1.23, 2: 2.294}, 'CAPEX': {0: -345, 1: -345, 2: -324}, 'FCF': {0: -2.531, 1: -1.216, 2: -90.0}, 'Free': {0: 3.119, 1: 885.0, 2: 1.97}, 'Div.': {0: 599, 1: 595, 2: 600}, 'Payout': {0: '17%', 1: '18%', 2: '25%'}}|VIACA
77|4.1 / 5|31|{'Year': {0: '09/2019', 1: '09/2020', 2: '09/2021'}, 'Equity': {0: -6.232, 1: -7.805, 2: -5.321}, 'Revenue': {0: 26.509, 1: 23.518, 2: 29.061}, 'EBITDA': {0: 6.247, 1: 3.105, 2: 7.351}, 'Fin. Res.': {0: -234, 1: -397, 2: -380}, 'Net Inc.': {0: 3.599, 1: 928.0, 2: 4.199}, 'Net Mar.': {0: '14%', 1: '4%', 2: '14%'}, 'ROE': {0: 'L', 1: 'L', 2: 'L'}, 'Cash': {0: 2.757, 1: 4.632, 2: 6.618}, 'Debt': {0: 11.167, 1: 25.259, 2: 23.605}, 'N.D. / EBITDA': {0: 13, 1: 66, 2: 23}, 'OCF': {0: 5.047, 1: 1.598, 2: 5.989}, 'CAPEX': {0: -1.807, 1: -1.484, 2: -1.47}, 'FCF': {0: -10.057, 1: 1.713, 2: -3.651}, 'Free': {0: 3.24, 1: 114.0, 2: 4.519}, 'Div.': {0: 1.761, 1: 1.924, 2: 2.119}, 'Payout': {0: '49%', 1: '207%', 2: '50%'}}|SBUX
78|4.8 / 5|37|{'Year': {0: '12/2018', 1: '12/2019', 2: '12/2020'}, 'Equity': {0: 5.395, 1: 5.893, 2: 6.391}, 'Revenue': {0: 14.95, 1: 16.883, 2: 15.301}, 'EBITDA': {0: 7.849, 1: 10.477, 2: 8.72}, 'Fin. Res.': {0: -186, 1: -224, 2: -380}, 'Net Inc.': {0: 5.859, 1: 8.118, 2: 6.411}, 'Net Mar.': {0: '39%', 1: '48%', 2: '42%'}, 'ROE': {0: '108%', 1: '144%', 2: '104%'}, 'Cash': {0: 8.378, 1: 7.676, 2: 10.596}, 'Debt': {0: 6.334, 1: 8.527, 2: 12.672}, 'N.D. / EBITDA': {0: 0, 1: 1, 2: 2}, 'OCF': {0: 6.223, 1: 8.183, 2: 7.224}, 'CAPEX': {0: -504, 1: -728, 2: -708}, 'FCF': {0: -4.966, 1: -5.867, 2: -2.152}, 'Free': {0: 5.719, 1: 7.455, 2: 6.516}, 'Div.': {0: 1.044, 1: 1.345, 2: 1.605}, 'Payout': {0: '18%', 1: '17%', 2: '25%'}}|MA
79|3.2 / 5|13|{'Year': {0: '12/2018', 1: '12/2019', 2: '12/2020'}, 'Equity': {0: 1.313, 1: 1.487, 2: 2.86}, 'Revenue': {0: 394, 1: 595, 2: 612}, 'EBITDA': {0: 215, 1: 400, 2: 332}, 'Fin. Res.': {0: -65, 1: -42, 2: -38}, 'Net Inc.': {0: 78, 1: 200, 2: 164}, 'Net Mar.': {0: '20%', 1: '34%', 2: '27%'}, 'ROE': {0: '11%', 1: '15%', 2: '8%'}, 'Cash': {0: 791.0, 1: 972.0, 2: 2.036}, 'Debt': {0: 731.0, 1: 1.68, 2: 1.171}, 'N.D. / EBITDA': {0: 0, 1: 18, 2: 0}, 'OCF': {0: -623, 1: -660, 2: 11}, 'CAPEX': {0: -48, 1: -100, 2: -88}, 'FCF': {0: 1.236, 1: 936.0, 2: 1.389}, 'Free': {0: -670, 1: -760, 2: -77}, 'Div.': {0: 0, 1: 0, 2: 0}}|STNE
80|3.3 / 5|13|{'Year': {0: '03/2019', 1: '03/2020', 2: '03/2021'}, 'Equity': {0: 33.804, 1: 38.37, 2: 50.342}, 'Revenue': {0: 78.192, 1: 76.827, 2: 81.252}, 'EBITDA': {0: 15.76, 1: 14.482, 2: 16.868}, 'Fin. Res.': {0: 83, 1: 76, 2: -16}, 'Net Inc.': {0: 8.268, 1: 5.415, 2: 10.58}, 'Net Mar.': {0: '11%', 1: '7%', 2: '13%'}, 'ROE': {0: '27%', 1: '15%', 2: '24%'}, 'Cash': {0: 25.216, 1: 31.253, 2: 41.898}, 'Debt': {0: 12.267, 1: 17.288, 2: 22.179}, 'N.D. / EBITDA': {0: 0, 1: 0, 2: 0}, 'OCF': {0: 11.358, 1: 12.554, 2: 12.19}, 'CAPEX': {0: -2.821, 1: -4.09, 2: -4.625}, 'FCF': {0: -1.109, 1: 611.0, 2: 6.022}, 'Free': {0: 8.537, 1: 8.464, 2: 7.565}, 'Div.': {0: 343, 1: 461, 2: 553}, 'Payout': {0: '4%', 1: '9%', 2: '5%'}}|SONY
81|3.7 / 5|9|{'Year': {0: '12/2018', 1: '12/2019', 2: '12/2020'}, 'Equity': {0: 147, 1: 142, 2: 219}, 'Revenue': {0: 559, 1: 618, 2: 586}, 'EBITDA': {0: 143, 1: 124, 2: 123}, 'Fin. Res.': {0: 1, 1: 1, 2: 0}, 'Net Inc.': {0: 105, 1: 86, 2: 87}, 'Net Mar.': {0: '19%', 1: '14%', 2: '15%'}, 'ROE': {0: '65%', 1: '59%', 2: '48%'}, 'Cash': {0: 101, 1: 111, 2: 205}, 'Debt': {0: 0, 1: 32, 2: 28}, 'N.D. / EBITDA': {0: 0, 1: 0, 2: 0}, 'OCF': {0: 137, 1: 147, 2: 141}, 'CAPEX': {0: -7, 1: -15, 2: -3}, 'FCF': {0: -149, 1: -121, 2: -44}, 'Free': {0: 130, 1: 132, 2: 138}, 'Div.': {0: 0, 1: 0, 2: 0}}|MANH
82|4.5 / 5|18|{'Year': {0: '12/2018', 1: '12/2019', 2: '12/2020'}, 'Equity': {0: 1.01, 1: 1.342, 2: 856.0}, 'Revenue': {0: 1.805, 1: 2.163, 2: 2.594}, 'EBITDA': {0: 290, 1: 413, 2: 560}, 'Fin. Res.': {0: 27, 1: 43, 2: 18}, 'Net Inc.': {0: 335, 1: 332, 2: 489}, 'Net Mar.': {0: '19%', 1: '15%', 2: '19%'}, 'ROE': {0: '42%', 1: '28%', 2: '44%'}, 'Cash': {0: 1.65, 1: 2.066, 2: 1.837}, 'Debt': {0: 0, 1: 0, 2: 0}, 'N.D. / EBITDA': {0: 0, 1: 0, 2: 0}, 'OCF': {0: 639.0, 1: 808.0, 2: 1.084}, 'CAPEX': {0: -53, 1: -92, 2: -126}, 'FCF': {0: -203.0, 1: -196.0, 2: -1.172}, 'Free': {0: 586, 1: 716, 2: 958}, 'Div.': {0: 0, 1: 0, 2: 0}}|FTNT
83|4.5 / 5|39|{'Year': {0: '12/2018', 1: '12/2019', 2: '12/2020'}, 'Equity': {0: 358, 1: 387, 2: 404}, 'Revenue': {0: 279, 1: 322, 2: 363}, 'EBITDA': {0: 85, 1: 111, 2: 135}, 'Fin. Res.': {0: 6, 1: 8, 2: 5}, 'Net Inc.': {0: 57, 1: 69, 2: 92}, 'Net Mar.': {0: '21%', 1: '22%', 2: '25%'}, 'ROE': {0: '16%', 1: '19%', 2: '23%'}, 'Cash': {0: 289, 1: 299, 2: 356}, 'Debt': {0: 0, 1: 52, 2: 57}, 'N.D. / EBITDA': {0: 0, 1: 0, 2: 0}, 'OCF': {0: 125, 1: 161, 2: 180}, 'CAPEX': {0: -23, 1: -28, 2: -30}, 'FCF': {0: -77, 1: -79, 2: -113}, 'Free': {0: 103, 1: 133, 2: 150}, 'Div.': {0: 0, 1: 0, 2: 0}}|QLYS
84|4.5 / 5|13|{'Year': {0: '12/2018', 1: '12/2019', 2: '12/2020'}, 'Equity': {0: 51.596, 1: 49.074, 2: 47.317}, 'Revenue': {0: 14.836, 1: 28.228, 2: 27.243}, 'EBITDA': {0: 7.182, 1: 7.848, 2: 8.265}, 'Fin. Res.': {0: -202, 1: -38, 2: -115}, 'Net Inc.': {0: 4.381, 1: 2.285, 2: 2.501}, 'Net Mar.': {0: '30%', 1: '8%', 2: '9%'}, 'ROE': {0: '15%', 1: '5%', 2: '5%'}, 'Cash': {0: 4.466, 1: 2.7, 2: 3.754}, 'Debt': {0: 15.296, 1: 14.932, 2: 17.223}, 'N.D. / EBITDA': {0: 15, 1: 16, 2: 16}, 'OCF': {0: 3.702, 1: 6.188, 2: 7.429}, 'CAPEX': {0: -1.883, 1: -3.682, 2: -3.4}, 'FCF': {0: -4.996, 1: -8.992, 2: -3.345}, 'Free': {0: 1.819, 1: 2.506, 2: 4.029}, 'Div.': {0: 1.166, 1: 1.891, 2: 2.028}, 'Payout': {0: '27%', 1: '83%', 2: '81%'}}|LIN
85|4 / 5|14|{'Year': {0: '12/2018', 1: '12/2019', 2: '12/2020'}, 'Equity': {0: 1.288, 1: 2.103, 2: 2.493}, 'Revenue': {0: 2.138, 1: 2.336, 2: 2.683}, 'EBITDA': {0: 518, 1: 621, 2: 804}, 'Fin. Res.': {0: -15, 1: -9, 2: -17}, 'Net Inc.': {0: 346, 1: 989, 2: 591}, 'Net Mar.': {0: '16%', 1: '42%', 2: '22%'}, 'ROE': {0: '30%', 1: '58%', 2: '26%'}, 'Cash': {0: 533, 1: 705, 2: 928}, 'Debt': {0: 445, 1: 431, 2: 461}, 'N.D. / EBITDA': {0: 0, 1: 0, 2: 0}, 'OCF': {0: 605, 1: 730, 2: 905}, 'CAPEX': {0: -62, 1: -75, 2: -95}, 'FCF': {0: -568, 1: -444, 2: -415}, 'Free': {0: 543, 1: 655, 2: 810}, 'Div.': {0: 0, 1: 0, 2: 0}}|CDNS
86|3.8 / 5|10|{'Year': {0: '12/2018', 1: '12/2019', 2: '12/2020'}, 'Equity': {0: 7.833, 1: 9.864, 2: 10.789}, 'Revenue': {0: 5.407, 1: 7.924, 2: 7.536}, 'EBITDA': {0: 367.0, 1: 2.597, 2: 1.634}, 'Net Inc.': {0: 287.0, 1: 1.997, 2: 1.216}, 'Net Mar.': {0: '5%', 1: '25%', 2: '16%'}, 'ROE': {0: '4%', 1: '23%', 2: '12%'}, 'Cash': {0: 784, 1: 767, 2: 900}, 'Debt': {0: 866, 1: 884, 2: 899}, 'N.D. / EBITDA': {0: 2, 1: 0, 2: 0}, 'OCF': {0: 1.181, 1: 1.208, 2: 1.491}, 'CAPEX': {0: -20, 1: -24, 2: -20}, 'FCF': {0: -603, 1: -546, 2: -798}, 'Free': {0: 1.161, 1: 1.184, 2: 1.471}, 'Div.': {0: 336, 1: 355, 2: 375}, 'Payout': {0: '117%', 1: '18%', 2: '31%'}}|CINF
87|4.6 / 5|16|{'Year': {0: '01/2019', 1: '01/2020', 2: '01/2021'}, 'Equity': {0: 3.644, 1: 1.972, 2: 1.437}, 'Revenue': {0: 71.309, 1: 72.148, 2: 89.597}, 'EBITDA': {0: 5.653, 1: 7.751, 2: 10.205}, 'Fin. Res.': {0: -624, 1: -691, 2: -848}, 'Net Inc.': {0: 2.314, 1: 4.281, 2: 5.835}, 'Net Mar.': {0: '3%', 1: '6%', 2: '7%'}, 'ROE': {0: '48%', 1: '152%', 2: '341%'}, 'Cash': {0: 511.0, 1: 716.0, 2: 4.69}, 'Debt': {0: 16.223, 1: 23.75, 2: 26.211}, 'N.D. / EBITDA': {0: 28, 1: 30, 2: 21}, 'OCF': {0: 6.193, 1: 4.296, 2: 11.049}, 'CAPEX': {0: -1.174, 1: -1.484, 2: -1.791}, 'FCF': {0: -5.124, 1: -2.735, 2: -5.191}, 'Free': {0: 5.019, 1: 2.812, 2: 9.258}, 'Div.': {0: 1.455, 1: 1.618, 2: 1.704}, 'Payout': {0: '63%', 1: '38%', 2: '29%'}}|LOW
88|4.1 / 5|23|{'Year': {0: '12/2018', 1: '12/2019', 2: '12/2020'}, 'Equity': {0: -102, 1: 117, 2: 743}, 'Revenue': {0: 15.544, 1: 15.693, 2: 16.471}, 'EBITDA': {0: 4.168, 1: 4.012, 2: 4.369}, 'Fin. Res.': {0: -143, 1: -145, 2: -164}, 'Net Inc.': {0: 2.4, 1: 2.367, 2: 2.695}, 'Net Mar.': {0: '15%', 1: '15%', 2: '16%'}, 'ROE': {0: 'L', 1: '31560%', 2: '627%'}, 'Cash': {0: 726, 1: 883, 2: 888}, 'Debt': {0: 6.366, 1: 8.483, 2: 8.214}, 'N.D. / EBITDA': {0: 14, 1: 19, 2: 17}, 'OCF': {0: 3.056, 1: 3.133, 2: 3.719}, 'CAPEX': {0: -436, 1: -335, 2: -410}, 'FCF': {0: -2.679, 1: -870.0, 2: -2.919}, 'Free': {0: 2.62, 1: 2.798, 2: 3.309}, 'Div.': {0: 1.591, 1: 1.614, 2: 1.654}, 'Payout': {0: '66%', 1: '68%', 2: '61%'}}|CL
89|3.9 / 5|15|{'Year': {0: '12/2018', 1: '12/2019', 2: '12/2020'}, 'Equity': {0: 7.836, 1: 9.136, 2: 11.06}, 'Revenue': {0: 13.982, 1: 14.442, 2: 14.535}, 'EBITDA': {0: 1.807, 1: 1.975, 2: 2.068}, 'Fin. Res.': {0: -209, 1: -230, 2: -205}, 'Net Inc.': {0: 605.0, 1: 956.0, 2: 1.234}, 'Net Mar.': {0: '4%', 1: '7%', 2: '8%'}, 'ROE': {0: '8%', 1: '13%', 2: '14%'}, 'Cash': {0: 289.0, 1: 298.0, 2: 1.381}, 'Debt': {0: 4.198, 1: 3.658, 2: 4.386}, 'N.D. / EBITDA': {0: 22, 1: 17, 2: 15}, 'OCF': {0: 1.261, 1: 1.506, 2: 2.022}, 'CAPEX': {0: -492, 1: -425, 2: -348}, 'FCF': {0: -562, 1: -292, 2: 616}, 'Free': {0: 769.0, 1: 1.081, 2: 1.674}, 'Div.': {0: 385, 1: 402, 2: 451}, 'Payout': {0: '64%', 1: '42%', 2: '37%'}}|SWK
90|4.2 / 5|8|{'Year': {0: '12/2018', 1: '12/2019', 2: '12/2020'}, 'Equity': {0: 1.921, 1: 1.855, 2: 1.828}, 'Revenue': {0: 11.221, 1: 11.486, 2: 11.797}, 'EBITDA': {0: 1.42, 1: 1.517, 2: 1.222}, 'Fin. Res.': {0: -82, 1: -79, 2: -93}, 'Net Inc.': {0: 782, 1: 849, 2: 695}, 'Net Mar.': {0: '7%', 1: '7%', 2: '6%'}, 'ROE': {0: '43%', 1: '45%', 2: '38%'}, 'Cash': {0: 538, 1: 360, 2: 585}, 'Debt': {0: 2.22, 1: 2.215, 2: 2.397}, 'N.D. / EBITDA': {0: 12, 1: 12, 2: 15}, 'OCF': {0: 1.057, 1: 1.042, 2: 1.123}, 'CAPEX': {0: -239, 1: -221, 2: -197}, 'FCF': {0: -670.0, 1: -1.023, 2: -726.0}, 'Free': {0: 818, 1: 821, 2: 926}, 'Div.': {0: 316, 1: 328, 2: 338}, 'Payout': {0: '40%', 1: '39%', 2: '49%'}}|GWW
91|3.8 / 5|4|{'Year': {0: '12/2018', 1: '12/2019', 2: '12/2020'}, 'Equity': {0: 4.63, 1: 5.284, 2: 5.689}, 'Revenue': {0: 15.374, 1: 15.146, 2: 13.834}, 'EBITDA': {0: 2.308, 1: 2.304, 2: 2.009}, 'Fin. Res.': {0: -95, 1: -100, 2: -115}, 'Net Inc.': {0: 1.341, 1: 1.243, 2: 1.059}, 'Net Mar.': {0: '9%', 1: '8%', 2: '8%'}, 'ROE': {0: '26%', 1: '25%', 2: '19%'}, 'Cash': {0: 963.0, 1: 1.273, 2: 1.922}, 'Debt': {0: 5.016, 1: 5.844, 2: 6.606}, 'N.D. / EBITDA': {0: 18, 1: 20, 2: 23}, 'OCF': {0: 1.467, 1: 2.08, 2: 2.13}, 'CAPEX': {0: -411, 1: -413, 2: -304}, 'FCF': {0: -1.205, 1: -758.0, 2: -59.0}, 'Free': {0: 1.056, 1: 1.667, 2: 1.826}, 'Div.': {0: 453, 1: 468, 2: 496}, 'Payout': {0: '34%', 1: '38%', 2: '47%'}}|PPG
92|3.3 / 5|3|{'Year': {0: '12/2018', 1: '12/2019', 2: '12/2020'}, 'Equity': {0: 1.157, 1: 1.312, 2: 1.39}, 'Revenue': {0: 4.27, 1: 4.753, 2: 4.28}, 'EBITDA': {0: 581, 1: 713, 2: 593}, 'Fin. Res.': {0: -52, 1: -83, 2: -80}, 'Net Inc.': {0: 306, 1: 334, 2: 248}, 'Net Mar.': {0: '7%', 1: '7%', 2: '6%'}, 'ROE': {0: '26%', 1: '27%', 2: '18%'}, 'Cash': {0: 268, 1: 248, 2: 349}, 'Debt': {0: 1.169, 1: 2.279, 2: 2.065}, 'N.D. / EBITDA': {0: 15, 1: 28, 2: 29}, 'OCF': {0: 440, 1: 668, 2: 603}, 'CAPEX': {0: -160, 1: -143, 2: -66}, 'FCF': {0: -397, 1: 731, 2: -462}, 'Free': {0: 281, 1: 525, 2: 536}, 'Div.': {0: 194, 1: 205, 2: 212}, 'Payout': {0: '63%', 1: '61%', 2: '85%'}}|LEG
93|4.7 / 5|52|{'Year': {0: '12/2018', 1: '12/2019', 2: '12/2020'}, 'Equity': {0: 2.454, 1: 2.668, 2: 3.02}, 'Revenue': {0: 4.146, 1: 4.358, 2: 4.896}, 'EBITDA': {0: 940.0, 1: 1.024, 2: 1.225}, 'Fin. Res.': {0: -79, 1: -74, 2: -61}, 'Net Inc.': {0: 569, 1: 616, 2: 786}, 'Net Mar.': {0: '14%', 1: '14%', 2: '16%'}, 'ROE': {0: '24%', 1: '24%', 2: '28%'}, 'Cash': {0: 317, 1: 156, 2: 183}, 'Debt': {0: 2.107, 1: 2.063, 2: 2.164}, 'N.D. / EBITDA': {0: 19, 1: 19, 2: 16}, 'OCF': {0: 764, 1: 865, 2: 990}, 'CAPEX': {0: -60, 1: -74, 2: -99}, 'FCF': {0: -609, 1: -473, 2: -360}, 'Free': {0: 703, 1: 791, 2: 891}, 'Div.': {0: 213, 1: 224, 2: 237}, 'Payout': {0: '38%', 1: '36%', 2: '30%'}}|CHD
94|3.6 / 5|11|{'Year': {0: '12/2018', 1: '12/2019', 2: '12/2020'}, 'Equity': {0: 3.254, 1: 3.026, 2: 3.181}, 'Revenue': {0: 14.768, 1: 14.109, 2: 12.574}, 'EBITDA': {0: 4.112, 1: 3.935, 2: 3.337}, 'Fin. Res.': {0: -222, 1: -192, 2: -189}, 'Net Inc.': {0: 2.563, 1: 2.521, 2: 2.109}, 'Net Mar.': {0: '17%', 1: '18%', 2: '17%'}, 'ROE': {0: '65%', 1: '80%', 2: '68%'}, 'Cash': {0: 1.504, 1: 1.981, 2: 2.564}, 'Debt': {0: 7.38, 1: 7.937, 2: 8.31}, 'N.D. / EBITDA': {0: 14, 1: 15, 2: 17}, 'OCF': {0: 2.811, 1: 2.995, 2: 2.807}, 'CAPEX': {0: -364, 1: -326, 2: -236}, 'FCF': {0: -3.964, 1: -2.326, 2: -2.049}, 'Free': {0: 2.447, 1: 2.669, 2: 2.571}, 'Div.': {0: 1.124, 1: 1.321, 2: 1.379}, 'Payout': {0: '44%', 1: '52%', 2: '65%'}}|ITW
95|4.3 / 5|25|{'Year': {0: '04/2019', 1: '04/2020', 2: '04/2021'}, 'Equity': {0: 50.091, 1: 50.737, 2: 51.428}, 'Revenue': {0: 30.557, 1: 28.913, 2: 30.117}, 'EBITDA': {0: 9.3, 1: 7.81, 2: 7.522}, 'Fin. Res.': {0: -1.444, 1: -1.092, 2: -925.0}, 'Net Inc.': {0: 4.631, 1: 4.789, 2: 3.606}, 'Net Mar.': {0: '15%', 1: '17%', 2: '12%'}, 'ROE': {0: '9%', 1: '9%', 2: '7%'}, 'Cash': {0: 9.848, 1: 10.948, 2: 10.817}, 'Debt': {0: 25.315, 1: 24.797, 2: 26.389}, 'N.D. / EBITDA': {0: 17, 1: 18, 2: 21}, 'OCF': {0: 7.007, 1: 7.234, 2: 6.24}, 'CAPEX': {0: -1.134, 1: -1.213, 2: -1.355}, 'FCF': {0: -5.431, 1: -4.198, 2: -4.136}, 'Free': {0: 5.873, 1: 6.021, 2: 4.885}, 'Div.': {0: 2.693, 1: 2.894, 2: 3.12}, 'Payout': {0: '58%', 1: '60%', 2: '87%'}}|MDT
96|3.3 / 5|3|{'Year': {0: '12/2018', 1: '12/2019', 2: '12/2020'}, 'Equity': {0: 1.836, 1: 1.954, 2: 2.106}, 'Revenue': {0: 2.965, 1: 2.957, 2: 3.018}, 'EBITDA': {0: 497, 1: 518, 2: 531}, 'Fin. Res.': {0: -33, 1: -30, 2: -24}, 'Net Inc.': {0: 347, 1: 356, 2: 359}, 'Net Mar.': {0: '12%', 1: '12%', 2: '12%'}, 'ROE': {0: '10%', 1: '19%', 2: '18%'}, 'Cash': {0: 74, 1: 83, 2: 82}, 'Debt': {0: 788.0, 1: 1.109, 2: 927.0}, 'N.D. / EBITDA': {0: 14, 1: 20, 2: 16}, 'OCF': {0: 439, 1: 353, 2: 574}, 'CAPEX': {0: -48, 1: -58, 2: -62}, 'FCF': {0: -408, 1: -17, 2: -436}, 'Free': {0: 391, 1: 295, 2: 511}, 'Div.': {0: 187, 1: 123, 2: 127}, 'Payout': {0: '54%', 1: '34%', 2: '35%'}}|PNR
97|4.6 / 5|36|{'Year': {0: '06/2019', 1: '06/2020', 2: '06/2021'}, 'Equity': {0: 559, 1: 908, 2: 411}, 'Revenue': {0: 6.214, 1: 6.721, 2: 7.341}, 'EBITDA': {0: 1.301, 1: 1.464, 2: 1.21}, 'Fin. Res.': {0: -94, 1: -97, 2: -94}, 'Net Inc.': {0: 820, 1: 939, 2: 710}, 'Net Mar.': {0: '13%', 1: '14%', 2: '10%'}, 'ROE': {0: '128%', 1: '128%', 2: '108%'}, 'Cash': {0: 111, 1: 871, 2: 319}, 'Debt': {0: 2.683, 1: 3.122, 2: 3.166}, 'N.D. / EBITDA': {0: 20, 1: 15, 2: 24}, 'OCF': {0: 992.0, 1: 1.546, 2: 1.276}, 'CAPEX': {0: -206, 1: -254, 2: -331}, 'FCF': {0: -815.0, 1: -523.0, 2: -1.391}, 'Free': {0: 786.0, 1: 1.292, 2: 945.0}, 'Div.': {0: 490, 1: 533, 2: 558}, 'Payout': {0: '60%', 1: '57%', 2: '79%'}}|CLX
98|4.4 / 5|26|{'Year': {0: '12/2018', 1: '12/2019', 2: '12/2020'}, 'Equity': {0: 3.731, 1: 4.123, 2: 3.611}, 'Revenue': {0: 17.535, 1: 17.901, 2: 18.362}, 'EBITDA': {0: 2.323, 1: 2.906, 2: 3.441}, 'Fin. Res.': {0: -371, 1: -334, 2: -347}, 'Net Inc.': {0: 1.109, 1: 1.541, 2: 2.03}, 'Net Mar.': {0: '6%', 1: '9%', 2: '11%'}, 'ROE': {0: '30%', 1: '39%', 2: '53%'}, 'Cash': {0: 156, 1: 162, 2: 227}, 'Debt': {0: 9.344, 1: 10.428, 2: 10.114}, 'N.D. / EBITDA': {0: 40, 1: 35, 2: 29}, 'OCF': {0: 1.944, 1: 2.321, 2: 3.409}, 'CAPEX': {0: -251, 1: -329, 2: -304}, 'FCF': {0: -1.747, 1: -1.846, 2: -3.02}, 'Free': {0: 1.693, 1: 1.992, 2: 3.105}, 'Div.': {0: 323, 1: 421, 2: 488}, 'Payout': {0: '29%', 1: '27%', 2: '24%'}}|SHW
99|4.1 / 5|21|{'Year': {0: '12/2018', 1: '12/2019', 2: '12/2020'}, 'Equity': {0: 23.462, 1: 28.959, 2: 33.559}, 'Revenue': {0: 21.708, 1: 22.241, 2: 22.116}, 'EBITDA': {0: 4.205, 1: 4.673, 2: 4.401}, 'Net Inc.': {0: 2.92, 1: 3.304, 2: 4.778}, 'Net Mar.': {0: '13%', 1: '15%', 2: '22%'}, 'ROE': {0: '12%', 1: '13%', 2: '15%'}, 'Cash': {0: 87.232, 1: 96.158, 2: 111.023}, 'Debt': {0: 5.778, 1: 6.569, 2: 7.899}, 'N.D. / EBITDA': {0: 0, 1: 0, 2: 0}, 'OCF': {0: 6.014, 1: 5.455, 2: 5.958}, 'CAPEX': {0: 0, 1: 0, 2: 0}, 'FCF': {0: -1.616, 1: -1.713, 2: -1.115}, 'Free': {0: 6.014, 1: 5.455, 2: 5.958}, 'Div.': {0: 793, 1: 771, 2: 769}, 'Payout': {0: '27%', 1: '23%', 2: '16%'}}|AFL
100|3.6 / 5|13|{'Year': {0: '09/2019', 1: '09/2020', 2: '09/2021'}, 'Equity': {0: 11.054, 1: 12.08, 2: 13.54}, 'Revenue': {0: 8.919, 1: 8.856, 2: 10.323}, 'EBITDA': {0: 3.509, 1: 3.718, 2: 3.971}, 'Fin. Res.': {0: -137, 1: -109, 2: -142}, 'Net Inc.': {0: 1.76, 1: 1.887, 2: 2.099}, 'Net Mar.': {0: '20%', 1: '21%', 2: '20%'}, 'ROE': {0: '16%', 1: '16%', 2: '16%'}, 'Cash': {0: 2.415, 1: 6.358, 2: 5.801}, 'Debt': {0: 3.326, 1: 8.314, 2: 8.219}, 'N.D. / EBITDA': {0: 3, 1: 5, 2: 6}, 'OCF': {0: 2.97, 1: 3.265, 2: 3.342}, 'CAPEX': {0: -1.99, 1: -2.509, 2: -2.464}, 'FCF': {0: -1.37, 1: 3.285, 2: -1.421}, 'Free': {0: 980, 1: 756, 2: 878}, 'Div.': {0: 994.0, 1: 1.104, 2: 1.257}, 'Payout': {0: '56%', 1: '58%', 2: '60%'}}|APD
101|4.1 / 5|18|{'Year': {0: '05/2019', 1: '05/2020', 2: '05/2021'}, 'Equity': {0: 3.003, 1: 3.235, 2: 3.688}, 'Revenue': {0: 6.892, 1: 7.085, 2: 7.116}, 'EBITDA': {0: 1.564, 1: 1.543, 2: 1.774}, 'Fin. Res.': {0: -101, 1: -104, 2: -98}, 'Net Inc.': {0: 885.0, 1: 876.0, 2: 1.111}, 'Net Mar.': {0: '13%', 1: '12%', 2: '16%'}, 'ROE': {0: '29%', 1: '28%', 2: '32%'}, 'Cash': {0: 97, 1: 145, 2: 494}, 'Debt': {0: 2.85, 1: 2.705, 2: 2.717}, 'N.D. / EBITDA': {0: 18, 1: 17, 2: 13}, 'OCF': {0: 1.068, 1: 1.291, 2: 1.361}, 'CAPEX': {0: -277, 1: -230, 2: -143}, 'FCF': {0: -873, 1: -955, 2: -880}, 'Free': {0: 791.0, 1: 1.061, 2: 1.217}, 'Div.': {0: 221, 1: 268, 2: 451}, 'Payout': {0: '25%', 1: '31%', 2: '41%'}}|CTAS
102|4.8 / 5|24|{'Year': {0: '12/2018', 1: '12/2019', 2: '12/2020'}, 'Equity': {0: 6.124, 1: 7.102, 2: 7.707}, 'Revenue': {0: 5.373, 1: 5.618, 2: 6.207}, 'EBITDA': {0: 2.506, 1: 2.578, 2: 2.935}, 'Fin. Res.': {0: 0, 1: 0, 2: 0}, 'Net Inc.': {0: 1.838, 1: 2.131, 2: 2.373}, 'Net Mar.': {0: '34%', 1: '38%', 2: '38%'}, 'ROE': {0: '30%', 1: '31%', 2: '31%'}, 'Cash': {0: 1.425, 1: 1.782, 2: 2.152}, 'Debt': {0: 0, 1: 146, 2: 154}, 'N.D. / EBITDA': {0: 0, 1: 0, 2: 0}, 'OCF': {0: 1.62, 1: 1.523, 2: 1.919}, 'CAPEX': {0: -168, 1: -205, 2: -215}, 'FCF': {0: -1.239, 1: -833.0, 2: -1.486}, 'Free': {0: 1.451, 1: 1.318, 2: 1.704}, 'Div.': {0: 694, 1: 734, 2: 846}, 'Payout': {0: '38%', 1: '34%', 2: '36%'}}|TROW
103|4.4 / 5|16|{'Year': {0: '11/2018', 1: '11/2019', 2: '11/2020'}, 'Equity': {0: 3.171, 1: 3.444, 2: 3.926}, 'Revenue': {0: 5.303, 1: 5.347, 2: 5.601}, 'EBITDA': {0: 1.067, 1: 1.143, 2: 1.182}, 'Fin. Res.': {0: -167, 1: -155, 2: -128}, 'Net Inc.': {0: 933, 1: 703, 2: 747}, 'Net Mar.': {0: '18%', 1: '13%', 2: '13%'}, 'ROE': {0: '33%', 1: '21%', 2: '20%'}, 'Cash': {0: 97, 1: 155, 2: 424}, 'Debt': {0: 4.696, 1: 4.324, 2: 4.904}, 'N.D. / EBITDA': {0: 43, 1: 36, 2: 38}, 'OCF': {0: 821.0, 1: 947.0, 2: 1.041}, 'CAPEX': {0: -169, 1: -174, 2: -225}, 'FCF': {0: -751, 1: -726, 2: 221}, 'Free': {0: 652, 1: 773, 2: 816}, 'Div.': {0: 273, 1: 302, 2: 330}, 'Payout': {0: '29%', 1: '43%', 2: '44%'}}|MKC
104|4.3 / 5|28|{'Year': {0: '04/2019', 1: '04/2020', 2: '04/2021'}, 'Equity': {0: 1.647, 1: 1.975, 2: 2.656}, 'Revenue': {0: 3.324, 1: 3.363, 2: 3.461}, 'EBITDA': {0: 1.202, 1: 1.165, 2: 1.239}, 'Fin. Res.': {0: -80, 1: -77, 2: -79}, 'Net Inc.': {0: 835, 1: 827, 2: 903}, 'Net Mar.': {0: '25%', 1: '25%', 2: '26%'}, 'ROE': {0: '56%', 1: '46%', 2: '39%'}, 'Cash': {0: 307.0, 1: 675.0, 2: 1.15}, 'Debt': {0: 2.493, 1: 2.602, 2: 2.559}, 'N.D. / EBITDA': {0: 18, 1: 17, 2: 11}, 'OCF': {0: 800, 1: 724, 2: 817}, 'CAPEX': {0: -121, 1: -119, 2: -65}, 'FCF': {0: -599, 1: -191, 2: -485}, 'Free': {0: 679, 1: 605, 2: 752}, 'Div.': {0: 310, 1: 325, 2: 338}, 'Payout': {0: '37%', 1: '39%', 2: '37%'}}|BF.B
105|4.3 / 5|25|{'Year': {0: '12/2018', 1: '12/2019', 2: '12/2020'}, 'Equity': {0: 7.739, 1: 9.492, 2: 10.48}, 'Revenue': {0: 5.191, 1: 5.367, 2: 5.527}, 'EBITDA': {0: 1.748, 1: 2.83, 2: 1.949}, 'Fin. Res.': {0: -182, 1: -187, 2: -219}, 'Net Inc.': {0: 944.0, 1: 1.768, 2: 950.0}, 'Net Mar.': {0: '18%', 1: '33%', 2: '17%'}, 'ROE': {0: '13%', 1: '21%', 2: '10%'}, 'Cash': {0: 364, 1: 710, 2: 308}, 'Debt': {0: 4.942, 1: 5.332, 2: 9.632}, 'N.D. / EBITDA': {0: 26, 1: 16, 2: 48}, 'OCF': {0: 1.43, 1: 1.462, 2: 1.525}, 'CAPEX': {0: -59, 1: -63, 2: -49}, 'FCF': {0: -388.0, 1: 177.0, 2: 4.137}, 'Free': {0: 1.372, 1: 1.399, 2: 1.476}, 'Div.': {0: 170, 1: 192, 2: 214}, 'Payout': {0: '18%', 1: '11%', 2: '23%'}}|ROP
106|3.7 / 5|11|{'Year': {0: '12/2018', 1: '12/2019', 2: '12/2020'}, 'Equity': {0: 1.717, 1: 1.667, 2: 1.848}, 'Revenue': {0: 3.188, 1: 2.993, 2: 2.895}, 'EBITDA': {0: 638, 1: 561, 2: 531}, 'Fin. Res.': {0: -8, 1: -11, 2: -7}, 'Net Inc.': {0: 444, 1: 370, 2: 345}, 'Net Mar.': {0: '14%', 1: '12%', 2: '12%'}, 'ROE': {0: '26%', 1: '22%', 2: '20%'}, 'Cash': {0: 645, 1: 551, 2: 690}, 'Debt': {0: 221, 1: 323, 2: 148}, 'N.D. / EBITDA': {0: 0, 1: 0, 2: 0}, 'OCF': {0: 449, 1: 456, 2: 562}, 'CAPEX': {0: -85, 1: -64, 2: -57}, 'FCF': {0: -523, 1: -376, 2: -375}, 'Free': {0: 364, 1: 392, 2: 505}, 'Div.': {0: 130, 1: 149, 2: 159}, 'Payout': {0: '29%', 1: '40%', 2: '46%'}}|AOS
107|4.6 / 5|32|{'Year': {0: '12/2018', 1: '12/2019', 2: '12/2020'}, 'Equity': {0: 1.396, 1: 1.573, 2: 1.855}, 'Revenue': {0: 1.717, 1: 1.84, 2: 2.147}, 'EBITDA': {0: 354, 1: 404, 2: 519}, 'Fin. Res.': {0: -6, 1: -5, 2: -7}, 'Net Inc.': {0: 207, 1: 242, 2: 346}, 'Net Mar.': {0: '12%', 1: '13%', 2: '16%'}, 'ROE': {0: '15%', 1: '16%', 2: '20%'}, 'Cash': {0: 337, 1: 439, 2: 616}, 'Debt': {0: 196, 1: 329, 2: 326}, 'N.D. / EBITDA': {0: 0, 1: 0, 2: 0}, 'OCF': {0: 289, 1: 367, 2: 473}, 'CAPEX': {0: -105, 1: -126, 2: -174}, 'FCF': {0: -81, 1: -37, 2: -137}, 'Free': {0: 184, 1: 241, 2: 298}, 'Div.': {0: 42, 1: 45, 2: 48}, 'Payout': {0: '20%', 1: '19%', 2: '14%'}}|WST
108|3.5 / 5|14|{'Year': {0: '12/2018', 1: '12/2019', 2: '12/2020'}, 'Equity': {0: 11.732, 1: 13.978, 2: 15.661}, 'Revenue': {0: 36.193, 1: 39.35, 2: 37.925}, 'EBITDA': {0: 5.222, 1: 5.503, 2: 5.105}, 'Fin. Res.': {0: -356, 1: -460, 2: -477}, 'Net Inc.': {0: 3.345, 1: 3.484, 2: 3.167}, 'Net Mar.': {0: '9%', 1: '9%', 2: '8%'}, 'ROE': {0: '29%', 1: '27%', 2: '21%'}, 'Cash': {0: 963.0, 1: 902.0, 2: 2.824}, 'Debt': {0: 12.417, 1: 13.433, 2: 14.409}, 'N.D. / EBITDA': {0: 22, 1: 23, 2: 23}, 'OCF': {0: 3.148, 1: 2.981, 2: 3.858}, 'CAPEX': {0: -690, 1: -987, 2: -967}, 'FCF': {0: 5.086, 1: -1.997, 2: -903.0}, 'Free': {0: 2.458, 1: 1.994, 2: 2.891}, 'Div.': {0: 1.075, 1: 1.152, 2: 1.24}, 'Payout': {0: '32%', 1: '33%', 2: '39%'}}|GD
109|4.2 / 5|10|{'Year': {0: '06/2019', 1: '06/2020', 2: '06/2021'}, 'Equity': {0: 5.962, 1: 6.227, 2: 8.398}, 'Revenue': {0: 14.32, 1: 13.696, 2: 14.348}, 'EBITDA': {0: 2.576, 1: 2.353, 2: 3.092}, 'Fin. Res.': {0: -190, 1: -277, 2: -243}, 'Net Inc.': {0: 1.525, 1: 1.202, 2: 1.746}, 'Net Mar.': {0: '11%', 1: '9%', 2: '12%'}, 'ROE': {0: '26%', 1: '20%', 2: '24%'}, 'Cash': {0: 3.371, 1: 756.0, 2: 772.0}, 'Debt': {0: 7.108, 1: 8.462, 2: 6.585}, 'N.D. / EBITDA': {0: 15, 1: 33, 2: 19}, 'OCF': {0: 1.73, 1: 2.071, 2: 2.575}, 'CAPEX': {0: -195, 1: -233, 2: -210}, 'FCF': {0: 902.0, 1: 449.0, 2: -2.623}, 'Free': {0: 1.535, 1: 1.838, 2: 2.365}, 'Div.': {0: 412, 1: 454, 2: 475}, 'Payout': {0: '27%', 1: '38%', 2: '27%'}}|PH
110|4.1 / 5|13|{'Year': {0: '12/2018', 1: '12/2019', 2: '12/2020'}, 'Total Assets': {0: '2.354.507', 1: '2.434.079', 2: '2.819.627'}, 'Equity': {0: 265.325, 1: 264.81, 2: 272.924}, 'Revenue': {0: 91.02, 1: 91.244, 2: 86.266}, 'Net Income': {0: 28.147, 1: 27.43, 2: 17.894}, 'Net Mar.': {0: '31%', 1: '30%', 2: '21%'}, 'ROE': {0: '11%', 1: '11%', 2: '7%'}, 'PCL': {0: -3.282, 1: -3.59, 2: -11.32}, 'PCL/Net Income': {0: '12%', 1: '13%', 2: '63%'}, 'Dividends': {0: 6.895, 1: 5.934, 2: 7.727}, 'Payout': {0: '24%', 1: '22%', 2: '43%'}}|BAC
111|4.5 / 5|34|{'Year': {0: '10/2018', 1: '10/2019', 2: '10/2020'}, 'Equity': {0: 5.601, 1: 5.921, 2: 6.426}, 'Revenue': {0: 9.546, 1: 9.497, 2: 9.608}, 'EBITDA': {0: 1.37, 1: 1.393, 2: 1.342}, 'Fin. Res.': {0: 1, 1: 13, 2: 15}, 'Net Inc.': {0: 1.012, 1: 979.0, 2: 908.0}, 'Net Mar.': {0: '11%', 1: '10%', 2: '9%'}, 'ROE': {0: '19%', 1: '17%', 2: '15%'}, 'Cash': {0: 459.0, 1: 688.0, 2: 1.732}, 'Debt': {0: 625.0, 1: 250.0, 2: 1.304}, 'N.D. / EBITDA': {0: 1, 1: 0, 2: 0}, 'OCF': {0: 1.242, 1: 923.0, 2: 1.128}, 'CAPEX': {0: -390, 1: -294, 2: -368}, 'FCF': {0: 12, 1: -926, 2: 566}, 'Free': {0: 852, 1: 629, 2: 761}, 'Div.': {0: 388, 1: 437, 2: 487}, 'Payout': {0: '38%', 1: '45%', 2: '54%'}}|HRL
112|3.8 / 5|6|{'Year': {0: '12/2018', 1: '12/2019', 2: '12/2020'}, 'Total Assets': {0: 362.873, 1: 381.508, 2: 469.633}, 'Equity': {0: 40.638, 1: 41.483, 2: 45.801}, 'Revenue': {0: 16.035, 1: 16.17, 2: 15.506}, 'Net Income': {0: 4.266, 1: 4.441, 2: 3.617}, 'Net Mar.': {0: '27%', 1: '27%', 2: '23%'}, 'ROE': {0: '11%', 1: '11%', 2: '9%'}, 'PCL': {0: 11, 1: 25, 2: -336}, 'PCL/Net Income': {0: '0%', 1: '0%', 2: '9%'}, 'Dividends': {0: 1.221, 1: 1.289, 2: 1.296}, 'Payout': {0: '29%', 1: '29%', 2: '36%'}}|BK
113|4.3 / 5|31|{'Year': {0: '12/2018', 1: '12/2019', 2: '12/2020'}, 'Equity': {0: 8.994, 1: 8.907, 2: 9.187}, 'Revenue': {0: 15.784, 1: 14.383, 2: 14.461}, 'EBITDA': {0: 7.765, 1: 6.948, 2: 7.199}, 'Fin. Res.': {0: -125, 1: -170, 2: -190}, 'Net Inc.': {0: 5.58, 1: 5.017, 2: 5.595}, 'Net Mar.': {0: '35%', 1: '35%', 2: '39%'}, 'ROE': {0: '58%', 1: '56%', 2: '62%'}, 'Cash': {0: 4.233, 1: 5.387, 2: 6.568}, 'Debt': {0: 5.068, 1: 6.062, 2: 7.047}, 'N.D. / EBITDA': {0: 1, 1: 1, 2: 1}, 'OCF': {0: 7.189, 1: 6.649, 2: 6.139}, 'CAPEX': {0: -1.131, 1: -847.0, 2: -649.0}, 'FCF': {0: -6.329, 1: -4.73, 2: -4.547}, 'Free': {0: 6.058, 1: 5.802, 2: 5.49}, 'Div.': {0: 2.555, 1: 3.008, 2: 3.426}, 'Payout': {0: '46%', 1: '60%', 2: '61%'}}|TXN
114|3.5 / 5|15|{'Year': {0: '09/2019', 1: '09/2020', 2: '09/2021'}, 'Equity': {0: 4.909, 1: 6.077, 2: 9.95}, 'Revenue': {0: 24.273, 1: 23.531, 2: 33.566}, 'EBITDA': {0: 9.509, 1: 7.714, 2: 12.415}, 'Fin. Res.': {0: -327, 1: -446, 2: -476}, 'Net Inc.': {0: 4.386, 1: 5.198, 2: 9.043}, 'Net Mar.': {0: '18%', 1: '22%', 2: '27%'}, 'ROE': {0: '153%', 1: '95%', 2: '113%'}, 'Cash': {0: 12.26, 1: 11.214, 2: 12.414}, 'Debt': {0: 15.933, 1: 15.726, 2: 15.745}, 'N.D. / EBITDA': {0: 4, 1: 6, 2: 3}, 'OCF': {0: 7.286, 1: 5.814, 2: 10.536}, 'CAPEX': {0: -887.0, 1: -1.407, 2: -1.888}, 'FCF': {0: -6.386, 1: -5.707, 2: -6.798}, 'Free': {0: 6.399, 1: 4.407, 2: 8.648}, 'Div.': {0: 2.968, 1: 2.882, 2: 3.008}, 'Payout': {0: '68%', 1: '55%', 2: '33%'}}|QCOM
115|4 / 5|8|{'Year': {0: '10/2019', 1: '10/2020', 2: '10/2021'}, 'Equity': {0: 11.709, 1: 11.998, 2: 37.993}, 'Revenue': {0: 5.991, 1: 5.603, 2: 7.318}, 'EBITDA': {0: 2.526, 1: 2.316, 2: 2.588}, 'Fin. Res.': {0: -219, 1: -189, 2: -184}, 'Net Inc.': {0: 1.363, 1: 1.221, 2: 1.39}, 'Net Mar.': {0: '23%', 1: '22%', 2: '19%'}, 'ROE': {0: '12%', 1: '10%', 2: '6%'}, 'Cash': {0: 648.0, 1: 1.056, 2: 1.978}, 'Debt': {0: 5.492, 1: 5.185, 2: 6.822}, 'N.D. / EBITDA': {0: 19, 1: 18, 2: 19}, 'OCF': {0: 2.253, 1: 2.008, 2: 2.735}, 'CAPEX': {0: -275, 1: -166, 2: -344}, 'FCF': {0: -2.127, 1: -1.421, 2: -3.96}, 'Free': {0: 1.978, 1: 1.843, 2: 2.391}, 'Div.': {0: 777.0, 1: 886.0, 2: 1.109}, 'Payout': {0: '57%', 1: '73%', 2: '80%'}}|ADI
116|4 / 5|59|{'Year': {0: '03/2019', 1: '03/2020', 2: '03/2021'}, 'Equity': {0: 73.35, 1: 106.674, 2: 143.066}, 'Revenue': {0: 56.152, 1: 71.979, 2: 109.465}, 'EBITDA': {0: 20.636, 1: 30.256, 2: 33.263}, 'Fin. Res.': {0: 5.799, 1: 9.571, 2: 10.426}, 'Net Inc.': {0: 13.096, 1: 21.102, 2: 22.98}, 'Net Mar.': {0: '23%', 1: '29%', 2: '21%'}, 'ROE': {0: '20%', 1: '24%', 2: '18%'}, 'Cash': {0: 30.273, 1: 51.291, 2: 73.778}, 'Debt': {0: 20.012, 1: 20.799, 2: 27.689}, 'N.D. / EBITDA': {0: 0, 1: 0, 2: 0}, 'OCF': {0: 22.496, 1: 25.504, 2: 35.373}, 'CAPEX': {0: -7.397, 1: -6.409, 2: -6.59}, 'FCF': {0: -1.101, 1: 10.006, 2: 4.591}, 'Free': {0: 15.099, 1: 19.095, 2: 28.782}, 'Div.': {0: 0, 1: 0, 2: 0}}|BABA
117|1.8 / 5|4|{'Year': {0: '12/2018', 1: '12/2019', 2: '12/2020'}, 'Equity': {0: 2.737, 1: 3.54, 2: 9.211}, 'Revenue': {0: 1.908, 1: 4.329, 2: 9.107}, 'EBITDA': {0: -1.486, 1: -973.0, 2: -973.0}, 'Fin. Res.': {0: 85, 1: 201, 2: 260}, 'Net Inc.': {0: -1.486, 1: -1.001, 2: -1.099}, 'Net Mar.': {0: 'L', 1: 'L', 2: 'L'}, 'ROE': {0: 'L', 1: 'L', 2: 'L'}, 'Cash': {0: 3.168, 1: 5.897, 2: 13.313}, 'Debt': {0: 0.0, 1: 955.0, 2: 2.597}, 'N.D. / EBITDA': {0: 'L', 1: 'L', 2: 'L'}, 'OCF': {0: 1.129, 1: 2.129, 2: 4.316}, 'CAPEX': {0: -4, 1: -4, 2: -7}, 'FCF': {0: 2.522, 1: 2.277, 2: 7.929}, 'Free': {0: 1.125, 1: 2.125, 2: 4.31}, 'Div.': {0: 0, 1: 0, 2: 0}}|PDD
118|3.2 / 5|4|{'Year': {0: '12/2018', 1: '12/2019', 2: '12/2020'}, 'Equity': {0: 3.45, 1: 3.675, 2: 3.205}, 'Revenue': {0: 16.832, 1: 17.522, 2: 16.537}, 'EBITDA': {0: 1.324, 1: 1.212, 2: 746.0}, 'Fin. Res.': {0: -102, 1: -96, 2: -94}, 'Net Inc.': {0: 810, 1: 621, 2: -29}, 'Net Mar.': {0: '5%', 1: '4%', 2: 'L'}, 'ROE': {0: '24%', 1: '17%', 2: 'L'}, 'Cash': {0: 334, 1: 277, 2: 990}, 'Debt': {0: 3.143, 1: 4.183, 2: 3.466}, 'N.D. / EBITDA': {0: 21, 1: 32, 2: 33}, 'OCF': {0: 1.145, 1: 892.0, 2: 2.02}, 'CAPEX': {0: -227, 1: -278, 2: -154}, 'FCF': {0: -609.0, 1: -386.0, 2: -1.514}, 'Free': {0: 919.0, 1: 614.0, 2: 1.866}, 'Div.': {0: 416, 1: 439, 2: 453}, 'Payout': {0: '51%', 1: '71%', 2: 'L'}}|GPC
119|3.1 / 5|8|{'Year': {0: '12/2018', 1: '12/2019', 2: '12/2020'}, 'Equity': {0: 2.769, 1: 3.033, 2: 3.386}, 'Revenue': {0: 6.992, 1: 7.136, 2: 6.684}, 'EBITDA': {0: 1.139, 1: 1.241, 2: 1.233}, 'Fin. Res.': {0: -122, 1: -121, 2: -108}, 'Net Inc.': {0: 570, 1: 678, 2: 683}, 'Net Mar.': {0: '8%', 1: '9%', 2: '10%'}, 'ROE': {0: '16%', 1: '23%', 2: '21%'}, 'Cash': {0: 396, 1: 397, 2: 513}, 'Debt': {0: 3.164, 1: 3.234, 2: 3.292}, 'N.D. / EBITDA': {0: 24, 1: 23, 2: 23}, 'OCF': {0: 799.0, 1: 945.0, 2: 1.105}, 'CAPEX': {0: -171, 1: -187, 2: -166}, 'FCF': {0: -898, 1: -558, 2: -506}, 'Free': {0: 628, 1: 759, 2: 939}, 'Div.': {0: 284, 1: 282, 2: 284}, 'Payout': {0: '50%', 1: '42%', 2: '42%'}}|DOV
120|3.6 / 5|14|{'Year': {0: '09/2019', 1: '09/2020', 2: '09/2021'}, 'Equity': {0: 8.233, 1: 8.405, 2: 9.883}, 'Revenue': {0: 18.372, 1: 16.785, 2: 18.236}, 'EBITDA': {0: 3.882, 1: 3.364, 2: 4.047}, 'Fin. Res.': {0: -174, 1: -156, 2: -154}, 'Net Inc.': {0: 2.306, 1: 1.965, 2: 2.303}, 'Net Mar.': {0: '13%', 1: '12%', 2: '13%'}, 'ROE': {0: '27%', 1: '24%', 2: '25%'}, 'Cash': {0: 1.494, 1: 3.315, 2: 2.354}, 'Debt': {0: 5.721, 1: 7.859, 2: 7.078}, 'N.D. / EBITDA': {0: 11, 1: 14, 2: 12}, 'OCF': {0: 3.006, 1: 3.083, 2: 3.575}, 'CAPEX': {0: -594, 1: -538, 2: -581}, 'FCF': {0: -1.391, 1: -509.0, 2: -2.422}, 'Free': {0: 2.412, 1: 2.545, 2: 2.994}, 'Div.': {0: 1.209, 1: 1.209, 2: 1.21}, 'Payout': {0: '52%', 1: '62%', 2: '53%'}}|EMR
121|3.6 / 5|19|{'Year': {0: '01/2019', 1: '01/2020', 2: '01/2021'}, 'Equity': {0: 11.297, 1: 11.833, 2: 14.44}, 'Revenue': {0: 75.356, 1: 78.112, 2: 93.561}, 'EBITDA': {0: 6.611, 1: 7.271, 2: 9.008}, 'Fin. Res.': {0: -461, 1: -477, 2: -977}, 'Net Inc.': {0: 2.937, 1: 3.281, 2: 4.368}, 'Net Mar.': {0: '4%', 1: '4%', 2: '5%'}, 'ROE': {0: '26%', 1: '28%', 2: '33%'}, 'Cash': {0: 1.556, 1: 2.577, 2: 8.511}, 'Debt': {0: 13.445, 1: 13.974, 2: 15.109}, 'N.D. / EBITDA': {0: 18, 1: 16, 2: 7}, 'OCF': {0: 5.973, 1: 7.117, 2: 10.525}, 'CAPEX': {0: -3.516, 1: -3.027, 2: -2.649}, 'FCF': {0: -3.644, 1: -3.152, 2: -2.0}, 'Free': {0: 2.457, 1: 4.09, 2: 7.876}, 'Div.': {0: 1.335, 1: 1.33, 2: 1.343}, 'Payout': {0: '45%', 1: '41%', 2: '31%'}}|TGT
122|3.5 / 5|11|{'Year': {0: '12/2018', 1: '12/2019', 2: '12/2020'}, 'Equity': {0: -287, 1: -33, 2: 626}, 'Revenue': {0: 18.486, 1: 18.45, 2: 19.14}, 'EBITDA': {0: 2.958, 1: 3.828, 2: 3.978}, 'Fin. Res.': {0: -253, 1: -250, 2: -244}, 'Net Inc.': {0: 1.41, 1: 2.157, 2: 2.352}, 'Net Mar.': {0: '8%', 1: '12%', 2: '12%'}, 'ROE': {0: 'L', 1: 'L', 2: '793%'}, 'Cash': {0: 539, 1: 442, 2: 303}, 'Debt': {0: 7.455, 1: 7.877, 2: 8.497}, 'N.D. / EBITDA': {0: 23, 1: 19, 2: 21}, 'OCF': {0: 2.97, 1: 2.736, 2: 3.729}, 'CAPEX': {0: -877.0, 1: -1.209, 2: -1.217}, 'FCF': {0: -2.115, 1: -1.792, 2: -1.567}, 'Free': {0: 2.093, 1: 1.527, 2: 2.512}, 'Div.': {0: 1.386, 1: 1.408, 2: 1.451}, 'Payout': {0: '98%', 1: '65%', 2: '62%'}}|KMB
123|3.8 / 5|12|{'Year': {0: '12/2018', 1: '12/2019', 2: '12/2020'}, 'Equity': {0: 30.524, 1: 31.088, 2: 32.784}, 'Revenue': {0: 30.578, 1: 31.904, 2: 34.608}, 'EBITDA': {0: 6.977, 1: 7.761, 2: 8.841}, 'Fin. Res.': {0: -721, 1: -576, 2: -500}, 'Net Inc.': {0: 2.368, 1: 3.687, 2: 4.495}, 'Net Mar.': {0: '8%', 1: '12%', 2: '13%'}, 'ROE': {0: '8%', 1: '12%', 2: '14%'}, 'Cash': {0: 4.086, 1: 4.14, 2: 7.148}, 'Debt': {0: 19.566, 1: 18.894, 2: 19.649}, 'N.D. / EBITDA': {0: 22, 1: 19, 2: 14}, 'OCF': {0: 6.3, 1: 6.136, 2: 7.901}, 'CAPEX': {0: -1.394, 1: -1.638, 2: -2.177}, 'FCF': {0: -10.391, 1: -4.289, 2: -2.779}, 'Free': {0: 4.906, 1: 4.498, 2: 5.724}, 'Div.': {0: 1.974, 1: 2.27, 2: 2.56}, 'Payout': {0: '83%', 1: '62%', 2: '57%'}}|ABT
124|3.5 / 5|11|{'Year': {0: '09/2019', 1: '09/2020', 2: '09/2021'}, 'Equity': {0: 21.082, 1: 23.765, 2: 23.677}, 'Revenue': {0: 17.29, 1: 17.117, 2: 20.248}, 'EBITDA': {0: 4.068, 1: 3.667, 2: 4.984}, 'Fin. Res.': {0: -627, 1: -521, 2: -460}, 'Net Inc.': {0: 1.233, 1: 874.0, 2: 2.092}, 'Net Mar.': {0: '7%', 1: '5%', 2: '10%'}, 'ROE': {0: '5%', 1: '3%', 2: '8%'}, 'Cash': {0: 566.0, 1: 2.845, 2: 2.295}, 'Debt': {0: 19.39, 1: 17.93, 2: 17.61}, 'N.D. / EBITDA': {0: 46, 1: 41, 2: 31}, 'OCF': {0: 3.33, 1: 3.539, 2: 4.647}, 'CAPEX': {0: -957.0, 1: -810.0, 2: -1.231}, 'FCF': {0: -3.223, 1: 22.0, 2: -3.306}, 'Free': {0: 2.373, 1: 2.729, 2: 3.416}, 'Div.': {0: 984.0, 1: 1.026, 2: 1.048}, 'Payout': {0: '80%', 1: '117%', 2: '50%'}}|BDX
125|4.3 / 5|24|{'Year': {0: '01/2019', 1: '01/2020', 2: '01/2021'}, 'Equity': {0: 72.496, 1: 74.669, 2: 80.925}, 'Revenue': {0: 514.405, 1: 523.964, 2: 559.151}, 'EBITDA': {0: 24.484, 1: 33.702, 2: 34.031}, 'Fin. Res.': {0: -2.129, 1: -2.41, 2: -2.194}, 'Net Inc.': {0: 6.67, 1: 14.881, 2: 13.51}, 'Net Mar.': {0: '1%', 1: '3%', 2: '2%'}, 'ROE': {0: '9%', 1: '20%', 2: '17%'}, 'Cash': {0: 7.722, 1: 9.465, 2: 17.741}, 'Debt': {0: 58.033, 1: 72.433, 2: 63.246}, 'N.D. / EBITDA': {0: 21, 1: 19, 2: 13}, 'OCF': {0: 27.753, 1: 25.255, 2: 36.074}, 'CAPEX': {0: -10.344, 1: -10.705, 2: -10.264}, 'FCF': {0: -2.537, 1: -14.299, 2: -16.117}, 'Free': {0: 17.409, 1: 14.55, 2: 25.81}, 'Div.': {0: 6.102, 1: 6.048, 2: 6.116}, 'Payout': {0: '91%', 1: '41%', 2: '45%'}}|WMT
126|3 / 5|7|{'Year': {0: '10/2018', 1: '10/2019', 2: '10/2020'}, 'Equity': {0: -639.0, 1: -1.193, 2: -2.228}, 'Revenue': {0: 58.472, 1: 58.756, 2: 56.639}, 'EBITDA': {0: 3.853, 1: 3.509, 2: 4.259}, 'Fin. Res.': {0: -312, 1: -242, 2: -239}, 'Net Inc.': {0: 5.327, 1: 3.152, 2: 2.844}, 'Net Mar.': {0: '9%', 1: '5%', 2: '5%'}, 'ROE': {0: 'L', 1: 'L', 2: 'L'}, 'Cash': {0: 5.877, 1: 4.537, 2: 5.138}, 'Debt': {0: 5.987, 1: 5.137, 2: 7.396}, 'N.D. / EBITDA': {0: 0, 1: 2, 2: 5}, 'OCF': {0: 4.528, 1: 4.654, 2: 4.316}, 'CAPEX': {0: -546, 1: -671, 2: -580}, 'FCF': {0: -5.643, 1: -4.845, 2: -2.973}, 'Free': {0: 3.982, 1: 3.983, 2: 3.736}, 'Div.': {0: 899, 1: 970, 2: 997}, 'Payout': {0: '17%', 1: '31%', 2: '35%'}}|HPQ
127|3.2 / 5|5|{'Year': {0: '12/2018', 1: '12/2019', 2: '12/2020'}, 'Equity': {0: 13.792, 1: 12.907, 2: 13.257}, 'Revenue': {0: 11.29, 1: 11.503, 2: 11.303}, 'EBITDA': {0: 2.987, 1: 2.94, 2: 2.419}, 'Fin. Res.': {0: -153, 1: -200, 2: -261}, 'Net Inc.': {0: 1.066, 1: 960.0, 2: 512.0}, 'Net Mar.': {0: '9%', 1: '8%', 2: '5%'}, 'ROE': {0: '8%', 1: '8%', 2: '4%'}, 'Cash': {0: 2.355, 1: 2.434, 2: 2.672}, 'Debt': {0: 5.998, 1: 8.252, 2: 8.701}, 'N.D. / EBITDA': {0: 12, 1: 20, 2: 25}, 'OCF': {0: 2.919, 1: 2.031, 2: 2.18}, 'CAPEX': {0: -2.31, 1: -1.987, 2: -1.377}, 'FCF': {0: -1.995, 1: -47.0, 2: -729.0}, 'Free': {0: 609, 1: 44, 2: 803}, 'Div.': {0: 685, 1: 742, 2: 787}, 'Payout': {0: '64%', 1: '77%', 2: '154%'}}|GLW
128|2.7 / 5|6|{'Year': {0: '12/2018', 1: '12/2019', 2: '12/2020'}, 'Equity': {0: 6.359, 1: 7.043, 2: 8.448}, 'Revenue': {0: 9.664, 1: 9.556, 2: 10.219}, 'EBITDA': {0: 2.234, 1: 2.097, 2: 2.244}, 'Fin. Res.': {0: -7, 1: 1, 2: -20}, 'Net Inc.': {0: 1.287, 1: 1.032, 2: 1.106}, 'Net Mar.': {0: '13%', 1: '11%', 2: '11%'}, 'ROE': {0: '22%', 1: '15%', 2: '14%'}, 'Cash': {0: 2.596, 1: 2.734, 2: 3.72}, 'Debt': {0: 1.91, 1: 2.279, 2: 2.817}, 'N.D. / EBITDA': {0: 0, 1: 0, 2: 0}, 'OCF': {0: 1.845, 1: 1.869, 2: 2.093}, 'CAPEX': {0: -1.313, 1: -1.25, 2: -1.358}, 'FCF': {0: -122, 1: -343, 2: 348}, 'Free': {0: 532, 1: 619, 2: 735}, 'Div.': {0: 216, 1: 214, 2: 168}, 'Payout': {0: '17%', 1: '21%', 2: '15%'}}|STM
